,year,pop,lifeExp,gdpPercap,country,continent
0,1952,8425333.0,28.801,779.4453145,Afghanistan,Asia
1,1957,9240934.0,30.332,820.8530296,Afghanistan,Asia
2,1962,10267083.0,31.997,853.10071,Afghanistan,Asia
3,1967,11537966.0,34.02,836.1971382,Afghanistan,Asia
4,1972,13079460.0,36.088,739.9811058,Afghanistan,Asia
5,1977,14880372.0,38.438,786.11336,Afghanistan,Asia
6,1982,12881816.0,39.854,978.0114388,Afghanistan,Asia
7,1987,13867957.0,40.822,852.3959448,Afghanistan,Asia
8,1992,16317921.0,41.674,649.3413952,Afghanistan,Asia
9,1997,22227415.0,41.763,635.341351,Afghanistan,Asia
10,2002,25268405.0,42.129,726.7340548,Afghanistan,Asia
11,2007,31889923.0,43.828,974.5803384,Afghanistan,Asia
12,1952,1282697.0,55.23,1601.056136,Albania,Europe
13,1957,1476505.0,59.28,1942.284244,Albania,Europe
14,1962,1728137.0,64.82,2312.888958,Albania,Europe
15,1967,1984060.0,66.22,2760.196931,Albania,Europe
16,1972,2263554.0,67.69,3313.422188,Albania,Europe
17,1977,2509048.0,68.93,3533.00391,Albania,Europe
18,1982,2780097.0,70.42,3630.880722,Albania,Europe
19,1987,3075321.0,72.0,3738.932735,Albania,Europe
20,1992,3326498.0,71.581,2497.437901,Albania,Europe
21,1997,3428038.0,72.95,3193.054604,Albania,Europe
22,2002,3508512.0,75.651,4604.211737,Albania,Europe
23,2007,3600523.0,76.423,5937.029526,Albania,Europe
24,1952,9279525.0,43.077,2449.008185,Algeria,Africa
25,1957,10270856.0,45.685,3013.976023,Algeria,Africa
26,1962,11000948.0,48.303,2550.81688,Algeria,Africa
27,1967,12760499.0,51.407,3246.991771,Algeria,Africa
28,1972,14760787.0,54.518,4182.663766,Algeria,Africa
29,1977,17152804.0,58.014,4910.416756,Algeria,Africa
30,1982,20033753.0,61.368,5745.160213,Algeria,Africa
31,1987,23254956.0,65.799,5681.358539,Algeria,Africa
32,1992,26298373.0,67.744,5023.216647,Algeria,Africa
33,1997,29072015.0,69.152,4797.295051,Algeria,Africa
34,2002,31287142.0,70.994,5288.040382,Algeria,Africa
35,2007,33333216.0,72.301,6223.367465,Algeria,Africa
36,1952,4232095.0,30.015,3520.610273,Angola,Africa
37,1957,4561361.0,31.999,3827.940465,Angola,Africa
38,1962,4826015.0,34.0,4269.276742,Angola,Africa
39,1967,5247469.0,35.985,5522.776375,Angola,Africa
40,1972,5894858.0,37.928,5473.288005,Angola,Africa
41,1977,6162675.0,39.483,3008.647355,Angola,Africa
42,1982,7016384.0,39.942,2756.953672,Angola,Africa
43,1987,7874230.0,39.906,2430.208311,Angola,Africa
44,1992,8735988.0,40.647,2627.845685,Angola,Africa
45,1997,9875024.0,40.963,2277.140884,Angola,Africa
46,2002,10866106.0,41.003,2773.287312,Angola,Africa
47,2007,12420476.0,42.731,4797.231267,Angola,Africa
48,1952,17876956.0,62.485,5911.315053,Argentina,Americas
49,1957,19610538.0,64.399,6856.856212,Argentina,Americas
50,1962,21283783.0,65.142,7133.166023,Argentina,Americas
51,1967,22934225.0,65.634,8052.953021,Argentina,Americas
52,1972,24779799.0,67.065,9443.038526,Argentina,Americas
53,1977,26983828.0,68.481,10079.02674,Argentina,Americas
54,1982,29341374.0,69.942,8997.897412,Argentina,Americas
55,1987,31620918.0,70.774,9139.671389,Argentina,Americas
56,1992,33958947.0,71.868,9308.41871,Argentina,Americas
57,1997,36203463.0,73.275,10967.28195,Argentina,Americas
58,2002,38331121.0,74.34,8797.640716,Argentina,Americas
59,2007,40301927.0,75.32,12779.37964,Argentina,Americas
60,1952,8691212.0,69.12,10039.59564,Australia,Oceania
61,1957,9712569.0,70.33,10949.64959,Australia,Oceania
62,1962,10794968.0,70.93,12217.22686,Australia,Oceania
63,1967,11872264.0,71.1,14526.12465,Australia,Oceania
64,1972,13177000.0,71.93,16788.62948,Australia,Oceania
65,1977,14074100.0,73.49,18334.19751,Australia,Oceania
66,1982,15184200.0,74.74,19477.00928,Australia,Oceania
67,1987,16257249.0,76.32,21888.88903,Australia,Oceania
68,1992,17481977.0,77.56,23424.76683,Australia,Oceania
69,1997,18565243.0,78.83,26997.93657,Australia,Oceania
70,2002,19546792.0,80.37,30687.75473,Australia,Oceania
71,2007,20434176.0,81.235,34435.36744,Australia,Oceania
72,1952,6927772.0,66.8,6137.076492,Austria,Europe
73,1957,6965860.0,67.48,8842.59803,Austria,Europe
74,1962,7129864.0,69.54,10750.72111,Austria,Europe
75,1967,7376998.0,70.14,12834.6024,Austria,Europe
76,1972,7544201.0,70.63,16661.6256,Austria,Europe
77,1977,7568430.0,72.17,19749.4223,Austria,Europe
78,1982,7574613.0,73.18,21597.08362,Austria,Europe
79,1987,7578903.0,74.94,23687.82607,Austria,Europe
80,1992,7914969.0,76.04,27042.01868,Austria,Europe
81,1997,8069876.0,77.51,29095.92066,Austria,Europe
82,2002,8148312.0,78.98,32417.60769,Austria,Europe
83,2007,8199783.0,79.829,36126.4927,Austria,Europe
84,1952,120447.0,50.939,9867.084765,Bahrain,Asia
85,1957,138655.0,53.832,11635.79945,Bahrain,Asia
86,1962,171863.0,56.923,12753.27514,Bahrain,Asia
87,1967,202182.0,59.923,14804.6727,Bahrain,Asia
88,1972,230800.0,63.3,18268.65839,Bahrain,Asia
89,1977,297410.0,65.593,19340.10196,Bahrain,Asia
90,1982,377967.0,69.052,19211.14731,Bahrain,Asia
91,1987,454612.0,70.75,18524.02406,Bahrain,Asia
92,1992,529491.0,72.601,19035.57917,Bahrain,Asia
93,1997,598561.0,73.925,20292.01679,Bahrain,Asia
94,2002,656397.0,74.795,23403.55927,Bahrain,Asia
95,2007,708573.0,75.635,29796.04834,Bahrain,Asia
96,1952,46886859.0,37.484,684.2441716,Bangladesh,Asia
97,1957,51365468.0,39.348,661.6374577,Bangladesh,Asia
98,1962,56839289.0,41.216,686.3415538,Bangladesh,Asia
99,1967,62821884.0,43.453,721.1860862,Bangladesh,Asia
100,1972,70759295.0,45.252,630.2336265,Bangladesh,Asia
101,1977,80428306.0,46.923,659.8772322,Bangladesh,Asia
102,1982,93074406.0,50.009,676.9818656,Bangladesh,Asia
103,1987,103764241.0,52.819,751.9794035,Bangladesh,Asia
104,1992,113704579.0,56.018,837.8101643,Bangladesh,Asia
105,1997,123315288.0,59.412,972.7700352,Bangladesh,Asia
106,2002,135656790.0,62.013,1136.39043,Bangladesh,Asia
107,2007,150448339.0,64.062,1391.253792,Bangladesh,Asia
108,1952,8730405.0,68.0,8343.105127,Belgium,Europe
109,1957,8989111.0,69.24,9714.960623,Belgium,Europe
110,1962,9218400.0,70.25,10991.20676,Belgium,Europe
111,1967,9556500.0,70.94,13149.04119,Belgium,Europe
112,1972,9709100.0,71.44,16672.14356,Belgium,Europe
113,1977,9821800.0,72.8,19117.97448,Belgium,Europe
114,1982,9856303.0,73.93,20979.84589,Belgium,Europe
115,1987,9870200.0,75.35,22525.56308,Belgium,Europe
116,1992,10045622.0,76.46,25575.57069,Belgium,Europe
117,1997,10199787.0,77.53,27561.19663,Belgium,Europe
118,2002,10311970.0,78.32,30485.88375,Belgium,Europe
119,2007,10392226.0,79.441,33692.60508,Belgium,Europe
120,1952,1738315.0,38.223,1062.7522,Benin,Africa
121,1957,1925173.0,40.358,959.6010805,Benin,Africa
122,1962,2151895.0,42.618,949.4990641,Benin,Africa
123,1967,2427334.0,44.885,1035.831411,Benin,Africa
124,1972,2761407.0,47.014,1085.796879,Benin,Africa
125,1977,3168267.0,49.19,1029.161251,Benin,Africa
126,1982,3641603.0,50.904,1277.897616,Benin,Africa
127,1987,4243788.0,52.337,1225.85601,Benin,Africa
128,1992,4981671.0,53.919,1191.207681,Benin,Africa
129,1997,6066080.0,54.777,1232.975292,Benin,Africa
130,2002,7026113.0,54.406,1372.877931,Benin,Africa
131,2007,8078314.0,56.728,1441.284873,Benin,Africa
132,1952,2883315.0,40.414,2677.326347,Bolivia,Americas
133,1957,3211738.0,41.89,2127.686326,Bolivia,Americas
134,1962,3593918.0,43.428,2180.972546,Bolivia,Americas
135,1967,4040665.0,45.032,2586.886053,Bolivia,Americas
136,1972,4565872.0,46.714,2980.331339,Bolivia,Americas
137,1977,5079716.0,50.023,3548.097832,Bolivia,Americas
138,1982,5642224.0,53.859,3156.510452,Bolivia,Americas
139,1987,6156369.0,57.251,2753.69149,Bolivia,Americas
140,1992,6893451.0,59.957,2961.699694,Bolivia,Americas
141,1997,7693188.0,62.05,3326.143191,Bolivia,Americas
142,2002,8445134.0,63.883,3413.26269,Bolivia,Americas
143,2007,9119152.0,65.554,3822.137084,Bolivia,Americas
144,1952,2791000.0,53.82,973.5331948,Bosnia and Herzegovina,Europe
145,1957,3076000.0,58.45,1353.989176,Bosnia and Herzegovina,Europe
146,1962,3349000.0,61.93,1709.683679,Bosnia and Herzegovina,Europe
147,1967,3585000.0,64.79,2172.352423,Bosnia and Herzegovina,Europe
148,1972,3819000.0,67.45,2860.16975,Bosnia and Herzegovina,Europe
149,1977,4086000.0,69.86,3528.481305,Bosnia and Herzegovina,Europe
150,1982,4172693.0,70.69,4126.613157,Bosnia and Herzegovina,Europe
151,1987,4338977.0,71.14,4314.114757,Bosnia and Herzegovina,Europe
152,1992,4256013.0,72.178,2546.781445,Bosnia and Herzegovina,Europe
153,1997,3607000.0,73.244,4766.355904,Bosnia and Herzegovina,Europe
154,2002,4165416.0,74.09,6018.975239,Bosnia and Herzegovina,Europe
155,2007,4552198.0,74.852,7446.298803,Bosnia and Herzegovina,Europe
156,1952,442308.0,47.622,851.2411407,Botswana,Africa
157,1957,474639.0,49.618,918.2325349,Botswana,Africa
158,1962,512764.0,51.52,983.6539764,Botswana,Africa
159,1967,553541.0,53.298,1214.709294,Botswana,Africa
160,1972,619351.0,56.024,2263.611114,Botswana,Africa
161,1977,781472.0,59.319,3214.857818,Botswana,Africa
162,1982,970347.0,61.484,4551.14215,Botswana,Africa
163,1987,1151184.0,63.622,6205.88385,Botswana,Africa
164,1992,1342614.0,62.745,7954.111645,Botswana,Africa
165,1997,1536536.0,52.556,8647.142313,Botswana,Africa
166,2002,1630347.0,46.634,11003.60508,Botswana,Africa
167,2007,1639131.0,50.728,12569.85177,Botswana,Africa
168,1952,56602560.0,50.917,2108.944355,Brazil,Americas
169,1957,65551171.0,53.285,2487.365989,Brazil,Americas
170,1962,76039390.0,55.665,3336.585802,Brazil,Americas
171,1967,88049823.0,57.632,3429.864357,Brazil,Americas
172,1972,100840058.0,59.504,4985.711467,Brazil,Americas
173,1977,114313951.0,61.489,6660.118654,Brazil,Americas
174,1982,128962939.0,63.336,7030.835878,Brazil,Americas
175,1987,142938076.0,65.205,7807.095818,Brazil,Americas
176,1992,155975974.0,67.057,6950.283021,Brazil,Americas
177,1997,168546719.0,69.388,7957.980824,Brazil,Americas
178,2002,179914212.0,71.006,8131.212843,Brazil,Americas
179,2007,190010647.0,72.39,9065.800825,Brazil,Americas
180,1952,7274900.0,59.6,2444.286648,Bulgaria,Europe
181,1957,7651254.0,66.61,3008.670727,Bulgaria,Europe
182,1962,8012946.0,69.51,4254.337839,Bulgaria,Europe
183,1967,8310226.0,70.42,5577.0028,Bulgaria,Europe
184,1972,8576200.0,70.9,6597.494398,Bulgaria,Europe
185,1977,8797022.0,70.81,7612.240438,Bulgaria,Europe
186,1982,8892098.0,71.08,8224.191647,Bulgaria,Europe
187,1987,8971958.0,71.34,8239.854824,Bulgaria,Europe
188,1992,8658506.0,71.19,6302.623438,Bulgaria,Europe
189,1997,8066057.0,70.32,5970.38876,Bulgaria,Europe
190,2002,7661799.0,72.14,7696.777725,Bulgaria,Europe
191,2007,7322858.0,73.005,10680.79282,Bulgaria,Europe
192,1952,4469979.0,31.975,543.2552413,Burkina Faso,Africa
193,1957,4713416.0,34.906,617.1834648,Burkina Faso,Africa
194,1962,4919632.0,37.814,722.5120206,Burkina Faso,Africa
195,1967,5127935.0,40.697,794.8265597,Burkina Faso,Africa
196,1972,5433886.0,43.591,854.7359763,Burkina Faso,Africa
197,1977,5889574.0,46.137,743.3870368,Burkina Faso,Africa
198,1982,6634596.0,48.122,807.1985855,Burkina Faso,Africa
199,1987,7586551.0,49.557,912.0631417,Burkina Faso,Africa
200,1992,8878303.0,50.26,931.7527731,Burkina Faso,Africa
201,1997,10352843.0,50.324,946.2949618,Burkina Faso,Africa
202,2002,12251209.0,50.65,1037.645221,Burkina Faso,Africa
203,2007,14326203.0,52.295,1217.032994,Burkina Faso,Africa
204,1952,2445618.0,39.031,339.2964587,Burundi,Africa
205,1957,2667518.0,40.533,379.5646281,Burundi,Africa
206,1962,2961915.0,42.045,355.2032273,Burundi,Africa
207,1967,3330989.0,43.548,412.9775136,Burundi,Africa
208,1972,3529983.0,44.057,464.0995039,Burundi,Africa
209,1977,3834415.0,45.91,556.1032651,Burundi,Africa
210,1982,4580410.0,47.471,559.603231,Burundi,Africa
211,1987,5126023.0,48.211,621.8188189,Burundi,Africa
212,1992,5809236.0,44.736,631.6998778,Burundi,Africa
213,1997,6121610.0,45.326,463.1151478,Burundi,Africa
214,2002,7021078.0,47.36,446.4035126,Burundi,Africa
215,2007,8390505.0,49.58,430.0706916,Burundi,Africa
216,1952,4693836.0,39.417,368.4692856,Cambodia,Asia
217,1957,5322536.0,41.366,434.0383364,Cambodia,Asia
218,1962,6083619.0,43.415,496.9136476,Cambodia,Asia
219,1967,6960067.0,45.415,523.4323142,Cambodia,Asia
220,1972,7450606.0,40.317,421.6240257,Cambodia,Asia
221,1977,6978607.0,31.22,524.9721832,Cambodia,Asia
222,1982,7272485.0,50.957,624.4754784,Cambodia,Asia
223,1987,8371791.0,53.914,683.8955732,Cambodia,Asia
224,1992,10150094.0,55.803,682.3031755,Cambodia,Asia
225,1997,11782962.0,56.534,734.28517,Cambodia,Asia
226,2002,12926707.0,56.752,896.2260153,Cambodia,Asia
227,2007,14131858.0,59.723,1713.778686,Cambodia,Asia
228,1952,5009067.0,38.523,1172.667655,Cameroon,Africa
229,1957,5359923.0,40.428,1313.048099,Cameroon,Africa
230,1962,5793633.0,42.643,1399.607441,Cameroon,Africa
231,1967,6335506.0,44.799,1508.453148,Cameroon,Africa
232,1972,7021028.0,47.049,1684.146528,Cameroon,Africa
233,1977,7959865.0,49.355,1783.432873,Cameroon,Africa
234,1982,9250831.0,52.961,2367.983282,Cameroon,Africa
235,1987,10780667.0,54.985,2602.664206,Cameroon,Africa
236,1992,12467171.0,54.314,1793.163278,Cameroon,Africa
237,1997,14195809.0,52.199,1694.337469,Cameroon,Africa
238,2002,15929988.0,49.856,1934.011449,Cameroon,Africa
239,2007,17696293.0,50.43,2042.09524,Cameroon,Africa
240,1952,14785584.0,68.75,11367.16112,Canada,Americas
241,1957,17010154.0,69.96,12489.95006,Canada,Americas
242,1962,18985849.0,71.3,13462.48555,Canada,Americas
243,1967,20819767.0,72.13,16076.58803,Canada,Americas
244,1972,22284500.0,72.88,18970.57086,Canada,Americas
245,1977,23796400.0,74.21,22090.88306,Canada,Americas
246,1982,25201900.0,75.76,22898.79214,Canada,Americas
247,1987,26549700.0,76.86,26626.51503,Canada,Americas
248,1992,28523502.0,77.95,26342.88426,Canada,Americas
249,1997,30305843.0,78.61,28954.92589,Canada,Americas
250,2002,31902268.0,79.77,33328.96507,Canada,Americas
251,2007,33390141.0,80.653,36319.23501,Canada,Americas
252,1952,1291695.0,35.463,1071.310713,Central African Republic,Africa
253,1957,1392284.0,37.464,1190.844328,Central African Republic,Africa
254,1962,1523478.0,39.475,1193.068753,Central African Republic,Africa
255,1967,1733638.0,41.478,1136.056615,Central African Republic,Africa
256,1972,1927260.0,43.457,1070.013275,Central African Republic,Africa
257,1977,2167533.0,46.775,1109.374338,Central african republic,Africa
258,1982,2476971.0,48.295,956.7529907,Central african republic,Africa
259,1987,2840009.0,50.485,844.8763504,Central african republic,Africa
260,1992,3265124.0,49.396,747.9055252,Central african republic,Africa
261,1997,3696513.0,46.066,740.5063317,Central African Republic,Africa
262,2002,4048013.0,43.308,738.6906068,Central African Republic,Africa
263,2007,4369038.0,44.741,706.016537,Central African Republic,Africa
264,1952,2682462.0,38.092,1178.665927,Chad,Africa
265,1957,2894855.0,39.881,1308.495577,Chad,Africa
266,1962,3150417.0,41.716,1389.817618,Chad,Africa
267,1967,3495967.0,43.601,1196.810565,Chad,Africa
268,1972,3899068.0,45.569,1104.103987,Chad,Africa
269,1977,4388260.0,47.383,1133.98495,Chad,Africa
270,1982,4875118.0,49.517,797.9081006,Chad,Africa
271,1987,5498955.0,51.051,952.386129,Chad,Africa
272,1992,6429417.0,51.724,1058.0643,Chad,Africa
273,1997,7562011.0,51.573,1004.961353,Chad,Africa
274,2002,8835739.0,50.525,1156.18186,Chad,Africa
275,2007,10238807.0,50.651,1704.063724,Chad,Africa
276,1952,6377619.0,54.745,3939.978789,Chile,Americas
277,1957,7048426.0,56.074,4315.622723,Chile,Americas
278,1962,7961258.0,57.924,4519.094331,Chile,Americas
279,1967,8858908.0,60.523,5106.654313,Chile,Americas
280,1972,9717524.0,63.441,5494.024437,Chile,Americas
281,1977,10599793.0,67.052,4756.763836,Chile,Americas
282,1982,11487112.0,70.565,5095.665738,Chile,Americas
283,1987,12463354.0,72.492,5547.063754,Chile,Americas
284,1992,13572994.0,74.126,7596.125964,Chile,Americas
285,1997,14599929.0,75.816,10118.05318,Chile,Americas
286,2002,15497046.0,77.86,10778.78385,Chile,Americas
287,2007,16284741.0,78.553,13171.63885,Chile,Americas
288,1952,556263527.999989,44.0,400.448610699994,China,Asia
289,1957,637408000.0,50.54896,575.9870009,China,Asia
290,1962,665770000.0,44.50136,487.6740183,China,Asia
291,1967,754550000.0,58.38112,612.7056934,China,Asia
292,1972,862030000.0,63.11888,676.9000921,China,Asia
293,1977,943455000.0,63.96736,741.2374699,china,Asia
294,1982,1000281000.0,65.525,962.4213805,china,Asia
295,1987,1084035000.0,67.274,1378.904018,china,Asia
296,1992,1164970000.0,68.69,1655.784158,china,Asia
297,1997,1230075000.0,70.426,2289.234136,China,Asia
298,2002,1280400000.0,72.028,3119.280896,China,Asia
299,2007,1318683096.0,72.961,4959.114854,China,Asia
300,1952,12350771.0,50.643,2144.115096,Colombia,Americas
301,1957,14485993.0,55.118,2323.805581,Colombia,Americas
302,1962,17009885.0,57.863,2492.351109,Colombia    ,Americas
303,1967,19764027.0,59.963,2678.729839,Colombia    ,Americas
304,1972,22542890.0,61.623,3264.660041,Colombia,Americas
305,1977,25094412.0,63.837,3815.80787,Colombia,Americas
306,1982,27764644.0,66.653,4397.575659,Colombia,Americas
307,1987,30964245.0,67.768,4903.2191,Colombia,Americas
308,1992,34202721.0,68.421,5444.648617,Colombia,Americas
309,1997,37657830.0,70.313,6117.361746,Colombia,Americas
310,2002,41008227.0,71.682,5755.259962,Colombia,Americas
311,2007,44227550.0,72.889,7006.580419,Colombia,Americas
312,1952,153936.0,40.715,1102.990936,Comoros,Africa
313,1957,170928.0,42.46,1211.148548,Comoros,Africa
314,1962,191689.0,44.467,1406.648278,Comoros,Africa
315,1967,217378.0,46.472,1876.029643,Comoros,Africa
316,1972,250027.0,48.944,1937.577675,Comoros,Africa
317,1977,304739.0,50.939,1172.603047,Comoros,Africa
318,1982,348643.0,52.933,1267.100083,Comoros,Africa
319,1987,395114.0,54.926,1315.980812,Comoros,Africa
320,1992,454429.0,57.939,1246.90737,Comoros,Africa
321,1997,527982.0,60.66,1173.618235,Comoros,Africa
322,2002,614382.0,62.974,1075.811558,Comoros,Africa
323,2007,710960.0,65.152,986.1478792,Comoros,Africa
324,1952,14100005.0,39.143,780.5423257,"Congo, Dem. Rep.",Africa
325,1957,15577932.0,40.652,905.8602303,"Congo, Dem. Rep.",Africa
326,1962,17486434.0,42.122,896.3146335,"Congo, Dem. Rep.",Africa
327,1967,19941073.0,44.056,861.5932424,"Congo, Dem. Rep.",Africa
328,1972,23007669.0,45.989,904.8960685,Democratic Republic of the Congo,Africa
329,1977,26480870.0,47.804,795.757282,"Congo, Dem. Rep.",Africa
330,1982,30646495.0,47.784,673.7478181,"Congo, Dem. Rep.",Africa
331,1987,35481645.0,47.412,672.774812,"Congo, Dem. Rep.",Africa
332,1992,41672143.0,45.548,457.7191807,"Congo, Dem. Rep.",Africa
333,1997,47798986.0,42.587,312.188423,"Congo, Democratic Republic",Africa
334,2002,55379852.0,44.966,241.1658765,"Congo, Dem. Rep.",Africa
335,2007,64606759.0,46.462,277.5518587,"Congo, Dem. Rep.",Africa
336,1952,854885.0,42.111,2125.621418,"Congo, Rep.",Africa
337,1957,940458.0,45.053,2315.056572,"Congo, Rep.",Africa
338,1962,1047924.0,48.435,2464.783157,"Congo, Rep.",Africa
339,1967,1179760.0,52.04,2677.939642,"Congo, Rep.",Africa
340,1972,1340458.0,54.907,3213.152683,"Congo, Rep.",Africa
341,1977,1536769.0,55.625,3259.178978,"Congo, Rep.",Africa
342,1982,1774735.0,56.695,4879.507522,"Congo, Rep.",Africa
343,1987,2064095.0,57.47,4201.194937,"Congo, Rep.",Africa
344,1992,2409073.0,56.433,4016.239529,"Congo, Rep.",Africa
345,1997,2800947.0,52.962,3484.164376,"Congo, Rep.",Africa
346,2002,3328795.0,52.97,3484.06197,"Congo, Rep.",Africa
347,2007,3800610.0,55.322,3632.557798,"Congo, Rep.",Africa
348,1952,926317.0,57.206,2627.009471,Costa Rica,Americas
349,1957,1112300.0,60.026,2990.010802,Costa Rica,Americas
350,1962,1345187.0,62.842,3460.937025,Costa Rica,Americas
351,1967,1588717.0,65.424,4161.727834,Costa Rica,Americas
352,1972,1834796.0,67.849,5118.146939,Costa Rica,Americas
353,1977,2108457.0,70.75,5926.876967,Costa Rica,Americas
354,1982,2424367.0,73.45,5262.734751,Costa Rica,Americas
355,1987,2799811.0,74.752,5629.915318,Costa Rica,Americas
356,1992,3173216.0,75.713,6160.416317,Costa Rica,Americas
357,1997,3518107.0,77.26,6677.045314,Costa Rica,Americas
358,2002,3834934.0,78.123,7723.447195,Costa Rica,Americas
359,2007,4133884.0,78.782,9645.06142,Costa Rica,Americas
360,1952,2977019.0,40.477,1388.594732,Cote d'Ivoire,Africa
361,1957,3300000.0,42.469,1500.895925,Cote d'Ivoire,Africa
362,1962,3832408.0,44.93,1728.869428,Cote d'Ivoire,Africa
363,1967,4744870.0,47.35,2052.050473,Cote d'Ivoire,Africa
364,1972,6071696.0,49.801,2378.201111,Cote d'Ivoire,Africa
365,1977,7459574.0,52.374,2517.736547,Cote d'Ivoire,Africa
366,1982,9025951.0,53.983,2602.710169,Cote d'Ivoire,Africa
367,1987,10761098.0,54.655,2156.956069,Cote d'Ivoire,Africa
368,1992,12772596.0,52.044,1648.073791,Cote d'Ivoire,Africa
369,1997,14625967.0,47.991,1786.265407,Cote d'Ivore,Africa
370,2002,16252726.0,46.832,1648.800823,Cote d'Ivoire,Africa
371,2007,18013409.0,48.328,1544.750112,Cote d'Ivoire,Africa
372,1952,3882229.0,61.21,3119.23652,Croatia,Europe
373,1957,3991242.0,64.77,4338.231617,Croatia,Europe
374,1962,4076557.0,67.13,5477.890018,Croatia,Europe
375,1967,4174366.0,68.5,6960.297861,Croatia,Europe
376,1972,4225310.0,69.61,9164.090127,Croatia,Europe
377,1977,4318673.0,70.64,11305.38517,Croatia,Europe
378,1982,4413368.0,70.46,13221.82184,Croatia,Europe
379,1987,4484310.0,71.52,13822.58394,Croatia,Europe
380,1992,4494013.0,72.527,8447.794873,Croatia,Europe
381,1997,4444595.0,73.68,9875.604515,Croatia,Europe
382,2002,4481020.0,74.876,11628.38895,Croatia,Europe
383,2007,4493312.0,75.748,14619.22272,Croatia,Europe
384,1952,6007797.0,59.421,5586.53878,Cuba,Americas
385,1957,6640752.0,62.325,6092.174359,Cuba,Americas
386,1962,7254373.0,65.246,5180.75591,Cuba,Americas
387,1967,8139332.0,68.29,5690.268015,Cuba,Americas
388,1972,8831348.0,70.723,5305.445256,Cuba,Americas
389,1977,9537988.0,72.649,6380.494966,Cuba,Americas
390,1982,9789224.0,73.717,7316.918107,Cuba,Americas
391,1987,10239839.0,74.174,7532.924763,Cuba,Americas
392,1992,10723260.0,74.414,5592.843963,Cuba,Americas
393,1997,10983007.0,76.151,5431.990415,Cuba,Americas
394,2002,11226999.0,77.158,6340.646683,Cuba,Americas
395,2007,11416987.0,78.273,8948.102923,Cuba,Americas
396,1952,9125183.0,66.87,6876.14025,Czech Republic,Europe
397,1957,9513758.0,69.03,8256.343918,Czech Republic,Europe
398,1962,9620282.0,69.9,10136.86713,Czech Republic,Europe
399,1967,9835109.0,70.38,11399.44489,Czech Republic,Europe
400,1972,9862158.0,70.29,13108.4536,Czech Republic,Europe
401,1977,10161915.0,70.71,14800.16062,Czech Republic,Europe
402,1982,10303704.0,70.96,15377.22855,Czech Republic,Europe
403,1987,10311597.0,71.58,16310.4434,Czech Republic,Europe
404,1992,10315702.0,72.4,14297.02122,Czech Republic,Europe
405,1997,10300707.0,74.01,16048.51424,Czech Republic,Europe
406,2002,10256295.0,75.51,17596.21022,Czech Republic,Europe
407,2007,10228744.0,76.486,22833.30851,Czech Republic,Europe
408,1952,4334000.0,70.78,9692.385245,Denmark,Europe
409,1957,4487831.0,71.81,11099.65935,Denmark,Europe
410,1962,4646899.0,72.35,13583.31351,Denmark,Europe
411,1967,4838800.0,72.96,15937.21123,Denmark,Europe
412,1972,4991596.0,73.47,18866.20721,Denmark,Europe
413,1977,5088419.0,74.69,20422.9015,Denmark,Europe
414,1982,5117810.0,74.63,21688.04048,Denmark,Europe
415,1987,5127024.0,74.8,25116.17581,Denmark,Europe
416,1992,5171393.0,75.33,26406.73985,Denmark,Europe
417,1997,5283663.0,76.11,29804.34567,Denmark,Europe
418,2002,5374693.0,77.18,32166.50006,Denmark,Europe
419,2007,5468120.0,78.332,35278.41874,Denmark,Europe
420,1952,63149.0,34.812,2669.529475,Djibouti,Africa
421,1957,71851.0,37.328,2864.969076,Djibouti,Africa
422,1962,89898.0,39.693,3020.989263,Djibouti,Africa
423,1967,127617.0,42.074,3020.050513,Djibouti,Africa
424,1972,178848.0,44.366,3694.212352,Djibouti,Africa
425,1977,228694.0,46.519,3081.761022,Djibouti,Africa
426,1982,305991.0,48.812,2879.468067,Djibouti,Africa
427,1987,311025.0,50.04,2880.102568,Djibouti,Africa
428,1992,384156.0,51.604,2377.156192,Djibouti,Africa
429,1997,417908.0,53.157,1895.016984,Djibouti,Africa
430,2002,447416.0,53.373,1908.260867,Djibouti,Africa
431,2007,496374.0,54.791,2082.481567,Djibouti,Africa
432,1952,2491346.0,45.928,1397.717137,Dominican Republic,Americas
433,1957,2923186.0,49.828,1544.402995,Dominican Republic,Americas
434,1962,3453434.0,53.459,1662.137359,Dominican Republic,Americas
435,1967,4049146.0,56.751,1653.723003,Dominican Republic,Americas
436,1972,4671329.0,59.631,2189.874499,Dominican Republic,Americas
437,1977,5302800.0,61.788,2681.9889,Dominican Republic,Americas
438,1982,5968349.0,63.727,2861.092386,Dominican Republic,Americas
439,1987,6655297.0,66.046,2899.842175,Dominican Republic,Americas
440,1992,7351181.0,68.457,3044.214214,Dominican Republic,Americas
441,1997,7992357.0,69.957,3614.101285,Dominican Republic,Americas
442,2002,8650322.0,70.847,4563.808154,Dominican Republic,Americas
443,2007,9319622.0,72.235,6025.374752,Dominican Republic,Americas
444,1952,3548753.0,48.357,3522.110717,Ecuador,Americas
445,1957,4058385.0,51.356,3780.546651,Ecuador,Americas
446,1962,4681707.0,54.64,4086.114078,Ecuador,Americas
447,1967,5432424.0,56.678,4579.074215,Ecuador,Americas
448,1972,6298651.0,58.796,5280.99471,Ecuador,Americas
449,1977,7278866.0,61.31,6679.62326,Ecuador,Americas
450,1982,8365850.0,64.342,7213.791267,Ecuador,Americas
451,1987,9545158.0,67.231,6481.776993,Ecuador,Americas
452,1992,10748394.0,69.613,7103.702595,Ecuador,Americas
453,1997,11911819.0,72.312,7429.455877,Ecuador,Americas
454,2002,12921234.0,74.173,5773.044512,Ecuador,Americas
455,2007,13755680.0,74.994,6873.262326,Ecuador,Americas
456,1952,22223309.0,41.893,1418.822445,Egypt,Africa
457,1957,25009741.0,44.444,1458.915272,Egypt,Africa
458,1962,28173309.0,46.992,1693.335853,Egypt,Africa
459,1967,31681188.0,49.293,1814.880728,Egypt,Africa
460,1972,34807417.0,51.137,2024.008147,Egypt,Africa
461,1977,38783863.0,53.319,2785.493582,Egypt,Africa
462,1982,45681811.0,56.006,3503.729636,Egypt,Africa
463,1987,52799062.0,59.797,3885.46071,Egypt,Africa
464,1992,59402198.0,63.674,3794.755195,Egypt,Africa
465,1997,66134291.0,67.217,4173.181797,Egypt,Africa
466,2002,73312559.0,69.806,4754.604414,Egypt,Africa
467,2007,80264543.0,71.338,5581.180998,Egypt,Africa
468,1952,2042865.0,45.262,3048.3029,El Salvador,Americas
469,1957,2355805.0,48.57,3421.523218,El Salvador,Americas
470,1962,2747687.0,52.307,3776.803627,El Salvador,Americas
471,1967,3232927.0,55.855,4358.595393,El Salvador,Americas
472,1972,3790903.0,58.207,4520.246008,El Salvador,Americas
473,1977,4282586.0,56.696,5138.922374,El Salvador,Americas
474,1982,4474873.0,56.604,4098.344175,El Salvador,Americas
475,1987,4842194.0,63.154,4140.442097,El Salvador,Americas
476,1992,5274649.0,66.798,4444.2317,El Salvador,Americas
477,1997,5783439.0,69.535,5154.825496,El Salvador,Americas
478,2002,6353681.0,70.734,5351.568666,El Salvador,Americas
479,2007,6939688.0,71.878,5728.353514,El Salvador,Americas
480,1952,216964.0,34.482,375.6431231,Equatorial Guinea,Africa
481,1957,232922.0,35.983,426.0964081,Equatorial Guinea,Africa
482,1962,249220.0,37.485,582.8419714,Equatorial Guinea,Africa
483,1967,259864.0,38.987,915.5960025,Equatorial Guinea,Africa
484,1972,277603.0,40.516,672.4122571,Equatorial Guinea,Africa
485,1977,192675.0,42.024,958.5668124,Equatorial Guinea,Africa
486,1982,285483.0,43.662,927.8253427,Equatorial Guinea,Africa
487,1987,341244.0,45.664,966.8968149,Equatorial Guinea,Africa
488,1992,387838.0,47.545,1132.055034,Equatorial Guinea,Africa
489,1997,439971.0,48.245,2814.480755,Equatorial Guinea,Africa
490,2002,495627.0,49.348,7703.4959,Equatorial Guinea,Africa
491,2007,551201.0,51.579,12154.08975,Equatorial Guinea,Africa
492,1952,1438760.0,35.928,328.9405571,Eritrea,Africa
493,1957,1542611.0,38.047,344.1618859,Eritrea,Africa
494,1962,1666618.0,40.158,380.9958433,Eritrea,Africa
495,1967,1820319.0,42.189,468.7949699,Eritrea,Africa
496,1972,2260187.0,44.142,514.3242082,Eritrea,Africa
497,1977,2512642.0,44.535,505.7538077,Eritrea,Africa
498,1982,2637297.0,43.89,524.8758493,Eritrea,Africa
499,1987,2915959.0,46.453,521.1341333,Eritrea,Africa
500,1992,3668440.0,49.991,582.8585102,Eritrea,Africa
501,1997,4058319.0,53.378,913.47079,Eritrea,Africa
502,2002,4414865.0,55.24,765.3500015,Eritrea,Africa
503,2007,4906585.0,58.04,641.3695236,Eritrea,Africa
504,1952,20860941.0,34.078,362.1462796,Ethiopia,Africa
505,1957,22815614.0,36.667,378.9041632,Ethiopia,Africa
506,1962,25145372.0,40.059,419.4564161,Ethiopia,Africa
507,1967,27860297.0,42.115,516.1186438,Ethiopia,Africa
508,1972,30770372.0,43.515,566.2439442,Ethiopia,Africa
509,1977,34617799.0,44.51,556.8083834,Ethiopia,Africa
510,1982,38111756.0,44.916,577.8607471,Ethiopia,Africa
511,1987,42999530.0,46.684,573.7413142,Ethiopia,Africa
512,1992,52088559.0,48.091,421.3534653,Ethiopia,Africa
513,1997,59861301.0,49.402,515.8894013,Ethiopia,Africa
514,2002,67946797.0,50.725,530.0535319,Ethiopia,Africa
515,2007,76511887.0,52.947,690.8055759,Ethiopia,Africa
516,1952,4090500.0,66.55,6424.519071,Finland,Europe
517,1957,4324000.0,67.49,7545.415386,Finland,Europe
518,1962,4491443.0,68.75,9371.842561,Finland,Europe
519,1967,4605744.0,69.83,10921.63626,Finland,Europe
520,1972,4639657.0,70.87,14358.8759,Finland,Europe
521,1977,4738902.0,72.52,15605.42283,Finland,Europe
522,1982,4826933.0,74.55,18533.15761,Finland,Europe
523,1987,4931729.0,74.83,21141.01223,Finland,Europe
524,1992,5041039.0,75.7,20647.16499,Finland,Europe
525,1997,5134406.0,77.13,23723.9502,Finland,Europe
526,2002,5193039.0,78.37,28204.59057,Finland,Europe
527,2007,5238460.0,79.313,33207.0844,Finland,Europe
528,1952,42459667.0,67.41,7029.809327,France,Europe
529,1957,44310863.0,68.93,8662.834898,France,Europe
530,1962,47124000.0,70.51,10560.48553,France,Europe
531,1967,49569000.0,71.55,12999.91766,France,Europe
532,1972,51732000.0,72.38,16107.19171,France,Europe
533,1977,53165019.0,73.83,18292.63514,France,Europe
534,1982,54433565.0,74.89,20293.89746,France,Europe
535,1987,55630100.0,76.34,22066.44214,France,Europe
536,1992,57374179.0,77.46,24703.79615,France,Europe
537,1997,58623428.0,78.64,25889.78487,France,Europe
538,2002,59925035.0,79.59,28926.03234,France,Europe
539,2007,61083916.0,80.657,30470.0167,France,Europe
540,1952,420702.0,37.003,4293.476475,Gabon,Africa
541,1957,434904.0,38.999,4976.198099,Gabon,Africa
542,1962,455661.0,40.489,6631.459222,Gabon,Africa
543,1967,489004.0,44.598,8358.761987,Gabon,Africa
544,1972,537977.0,48.69,11401.94841,Gabon,Africa
545,1977,706367.0,52.79,21745.57328,Gabon,Africa
546,1982,753874.0,56.564,15113.36194,Gabon,Africa
547,1987,880397.0,60.19,11864.40844,Gabon,Africa
548,1992,985739.0,61.366,13522.15752,Gabon,Africa
549,1997,1126189.0,60.461,14722.84188,Gabon,Africa
550,2002,1299304.0,56.761,12521.71392,Gabon,Africa
551,2007,1454867.0,56.735,13206.48452,Gabon,Africa
552,1952,284320.0,30.0,485.2306591,Gambia,Africa
553,1957,323150.0,32.065,520.9267111,Gambia,Africa
554,1962,374020.0,33.896,599.650276,Gambia,Africa
555,1967,439593.0,35.857,734.7829124,Gambia,Africa
556,1972,517101.0,38.308,756.0868363,Gambia,Africa
557,1977,608274.0,41.842,884.7552507,Gambia,Africa
558,1982,715523.0,45.58,835.8096108,Gambia,Africa
559,1987,848406.0,49.265,611.6588611,Gambia,Africa
560,1992,1025384.0,52.644,665.6244126,Gambia,Africa
561,1997,1235767.0,55.861,653.7301704,Gambia,Africa
562,2002,1457766.0,58.041,660.5855997,Gambia,Africa
563,2007,1688359.0,59.448,752.7497265,Gambia,Africa
564,1952,69145952.0,67.5,7144.114393,Germany,Europe
565,1957,71019069.0,69.1,10187.82665,Germany,Europe
566,1962,73739117.0,70.3,12902.46291,Germany,Europe
567,1967,76368453.0,70.8,14745.62561,Germany,Europe
568,1972,78717088.0,71.0,18016.18027,Germany,Europe
569,1977,78160773.0,72.5,20512.92123,Germany,Europe
570,1982,78335266.0,73.8,22031.53274,Germany,Europe
571,1987,77718298.0,74.847,24639.18566,Germany,Europe
572,1992,80597764.0,76.07,26505.30317,Germany,Europe
573,1997,82011073.0,77.34,27788.88416,Germany,Europe
574,2002,82350671.0,78.67,30035.80198,Germany,Europe
575,2007,82400996.0,79.406,32170.37442,Germany,Europe
576,1952,5581001.0,43.149,911.2989371,Ghana,Africa
577,1957,6391288.0,44.779,1043.561537,Ghana,Africa
578,1962,7355248.0,46.452,1190.041118,Ghana,Africa
579,1967,8490213.0,48.072,1125.69716,Ghana,Africa
580,1972,9354120.0,49.875,1178.223708,Ghana,Africa
581,1977,10538093.0,51.756,993.2239571,Ghana,Africa
582,1982,11400338.0,53.744,876.032569,Ghana,Africa
583,1987,14168101.0,55.729,847.0061135,Ghana,Africa
584,1992,16278738.0,57.501,925.060154,Ghana,Africa
585,1997,18418288.0,58.556,1005.245812,Ghana,Africa
586,2002,20550751.0,58.453,1111.984578,Ghana,Africa
587,2007,22873338.0,60.022,1327.60891,Ghana,Africa
588,1952,7733250.0,65.86,3530.690067,Greece,Europe
589,1957,8096218.0,67.86,4916.299889,Greece,Europe
590,1962,8448233.0,69.51,6017.190733,Greece,Europe
591,1967,8716441.0,71.0,8513.097016,Greece,Europe
592,1972,8888628.0,72.34,12724.82957,Greece,Europe
593,1977,9308479.0,73.68,14195.52428,Greece,Europe
594,1982,9786480.0,75.24,15268.42089,Greece,Europe
595,1987,9974490.0,76.67,16120.52839,Greece,Europe
596,1992,10325429.0,77.03,17541.49634,Greece,Europe
597,1997,10502372.0,77.869,18747.69814,Greece,Europe
598,2002,10603863.0,78.256,22514.2548,Greece,Europe
599,2007,10706290.0,79.483,27538.41188,Greece,Europe
600,1952,3146381.0,42.023,2428.237769,Guatemala,Americas
601,1957,3640876.0,44.142,2617.155967,Guatemala,Americas
602,1962,4208858.0,46.954,2750.364446,Guatemala,Americas
603,1967,4690773.0,50.016,3242.531147,Guatemala,Americas
604,1972,5149581.0,53.738,4031.408271,Guatemala,Americas
605,1977,5703430.0,56.029,4879.992748,Guatemala,Americas
606,1982,6395630.0,58.137,4820.49479,Guatemala,Americas
607,1987,7326406.0,60.782,4246.485974,Guatemala,Americas
608,1992,8486949.0,63.373,4439.45084,Guatemala,Americas
609,1997,9803875.0,66.322,4684.313807,Guatemala,Americas
610,2002,11178650.0,68.978,4858.347495,Guatemala,Americas
611,2007,12572928.0,70.259,5186.050003,Guatemala,Americas
612,1952,2664249.0,33.609,510.1964923,Guinea,Africa
613,1957,2876726.0,34.558,576.2670245,Guinea,Africa
614,1962,3140003.0,35.753,686.3736739,Guinea,Africa
615,1967,3451418.0,37.197,708.7595409,Guinea,Africa
616,1972,3811387.0,38.842,741.6662307,Guinea,Africa
617,1977,4227026.0,40.762,874.6858643,Guinea,Africa
618,1982,4710497.0,42.891,857.2503577,Guinea,Africa
619,1987,5650262.0,45.552,805.5724718,Guinea,Africa
620,1992,6990574.0,48.576,794.3484384,Guinea,Africa
621,1997,8048834.0,51.455,869.4497668,Guinea,Africa
622,2002,8807818.0,53.676,945.5835837,Guinea,Africa
623,2007,9947814.0,56.007,942.6542111,Guinea,Africa
624,1952,580653.0,32.5,299.850319,Guinea-Bissau,Africa
625,1957,601095.0,33.489,431.7904566,Guinea-Bissau,Africa
626,1962,627820.0,34.488,522.0343725,Guinea-Bissau,Africa
627,1967,601287.0,35.492,715.5806402,Guinea-Bissau,Africa
628,1972,625361.0,36.486,820.2245876,Guinea-Bissau,Africa
629,1977,745228.0,37.465,764.7259628,Guinea-Bissau,Africa
630,1982,825987.0,39.327,838.1239671,Guinea-Bissau,Africa
631,1987,927524.0,41.245,736.4153921,Guinea-Bissau,Africa
632,1992,1050938.0,43.266,745.5398706,Guinea-Bissau,Africa
633,1997,1193708.0,44.873,796.6644681,Guinea-Bissau,Africa
634,2002,1332459.0,45.504,575.7047176,Guinea-Bissau,Africa
635,2007,1472041.0,46.388,579.231743,Guinea-Bissau,Africa
636,1952,3201488.0,37.579,1840.366939,Haiti,Americas
637,1957,3507701.0,40.696,1726.887882,Haiti,Americas
638,1962,3880130.0,43.59,1796.589032,Haiti,Americas
639,1967,4318137.0,46.243,1452.057666,Haiti,Americas
640,1972,4698301.0,48.042,1654.456946,Haiti,Americas
641,1977,4908554.0,49.923,1874.298931,Haiti,Americas
642,1982,5198399.0,51.461,2011.159549,Haiti,Americas
643,1987,5756203.0,53.636,1823.015995,Haiti,Americas
644,1992,6326682.0,55.089,1456.309517,Haiti,Americas
645,1997,6913545.0,56.671,1341.726931,Haiti,Americas
646,2002,7607651.0,58.137,1270.364932,Haiti,Americas
647,2007,8502814.0,60.916,1201.637154,Haiti,Americas
648,1952,1517453.0,41.912,2194.926204,Honduras,Americas
649,1957,1770390.0,44.665,2220.487682,Honduras,Americas
650,1962,2090162.0,48.041,2291.156835,Honduras,Americas
651,1967,2500689.0,50.924,2538.269358,Honduras,Americas
652,1972,2965146.0,53.884,2529.842345,Honduras,Americas
653,1977,3055235.0,57.402,3203.208066,Honduras,Americas
654,1982,3669448.0,60.909,3121.760794,Honduras,Americas
655,1987,4372203.0,64.492,3023.096699,Honduras,Americas
656,1992,5077347.0,66.399,3081.694603,Honduras,Americas
657,1997,5867957.0,67.659,3160.454906,Honduras,Americas
658,2002,6677328.0,68.565,3099.72866,Honduras,Americas
659,2007,7483763.0,70.198,3548.330846,Honduras,Americas
660,1952,2125900.0,60.96,3054.421209,"Hong Kong, China",Asia
661,1957,2736300.0,64.75,3629.076457,"Hong Kong, China",Asia
662,1962,3305200.0,67.65,4692.648272,"Hong Kong, China",Asia
663,1967,3722800.0,70.0,6197.962814,"Hong Kong, China",Asia
664,1972,4115700.0,72.0,8315.928145,"Hong Kong, China",Asia
665,1977,4583700.0,73.6,11186.14125,"Hong Kong, China",Asia
666,1982,5264500.0,75.45,14560.53051,"Hong Kong, China",Asia
667,1987,5584510.0,76.2,20038.47269,"Hong Kong, China",Asia
668,1992,5829696.0,77.601,24757.60301,"Hong Kong, China",Asia
669,1997,6495918.0,80.0,28377.63219,"Hong Kong, China",Asia
670,2002,6762476.0,81.495,30209.01516,"Hong Kong, China",Asia
671,2007,6980412.0,82.208,39724.97867,"Hong Kong, China",Asia
672,1952,9504000.0,64.03,5263.673816,Hungary,Europe
673,1957,9839000.0,66.41,6040.180011,Hungary,Europe
674,1962,10063000.0,67.96,7550.359877,Hungary,Europe
675,1967,10223422.0,69.5,9326.64467,Hungary,Europe
676,1972,10394091.0,69.76,10168.65611,Hungary,Europe
677,1977,10637171.0,69.95,11674.83737,Hungary,Europe
678,1982,10705535.0,69.39,12545.99066,Hungary,Europe
679,1987,10612740.0,69.58,12986.47998,Hungary,Europe
680,1992,10348684.0,69.17,10535.62855,Hungary,Europe
681,1997,10244684.0,71.04,11712.7768,Hungary,Europe
682,2002,10083313.0,72.59,14843.93556,Hungary,Europe
683,2007,9956108.0,73.338,18008.94444,Hungary,Europe
684,1952,147962.0,72.49,7267.688428,Iceland,Europe
685,1957,165110.0,73.47,9244.001412,Iceland,Europe
686,1962,182053.0,73.68,10350.15906,Iceland,Europe
687,1967,198676.0,73.73,13319.89568,Iceland,Europe
688,1972,209275.0,74.46,15798.06362,Iceland,Europe
689,1977,221823.0,76.11,19654.96247,Iceland,Europe
690,1982,233997.0,76.99,23269.6075,Iceland,Europe
691,1987,244676.0,77.23,26923.20628,Iceland,Europe
692,1992,259012.0,78.77,25144.39201,Iceland,Europe
693,1997,271192.0,78.95,28061.09966,Iceland,Europe
694,2002,288030.0,80.5,31163.20196,Iceland,Europe
695,2007,301931.0,81.757,36180.78919,Iceland,Europe
696,1952,372000000.0,37.373,546.5657493,India,Asia
697,1957,409000000.0,40.249,590.061996,India,Asia
698,1962,454000000.0,43.605,658.3471509,India,Asia
699,1967,506000000.0,47.193,700.7706107,India,Asia
700,1972,567000000.0,50.651,724.032527,India,Asia
701,1977,634000000.0,54.208,813.337323,India,Asia
702,1982,708000000.0,56.596,855.7235377,India,Asia
703,1987,788000000.0,58.553,976.5126756,India,Asia
704,1992,872000000.0,60.223,1164.406809,India,Asia
705,1997,959000000.0,61.765,1458.817442,India,Asia
706,2002,1034172547.0,62.879,1746.769454,India,Asia
707,2007,1110396331.0,64.698,2452.210407,India,Asia
708,1952,82052000.0,37.468,749.6816546,Indonesia,Asia
709,1957,90124000.0,39.918,858.9002707,Indonesia,Asia
710,1962,99028000.0,42.518,849.2897701,Indonesia,Asia
711,1967,109343000.0,45.964,762.4317721,Indonesia,Asia
712,1972,121282000.0,49.203,1111.107907,Indonesia,Asia
713,1977,136725000.0,52.702,1382.702056,Indonesia,Asia
714,1982,153343000.0,56.159,1516.872988,Indonesia,Asia
715,1987,169276000.0,60.137,1748.356961,Indonesia,Asia
716,1992,184816000.0,62.681,2383.140898,Indonesia,Asia
717,1997,199278000.0,66.041,3119.335603,Indonesia,Asia
718,2002,211060000.0,68.588,2873.91287,Indonesia,Asia
719,2007,223547000.0,70.65,3540.651564,Indonesia,Asia
720,1952,17272000.0,44.869,3035.326002,Iran,Asia
721,1957,19792000.0,47.181,3290.257643,Iran,Asia
722,1962,22874000.0,49.325,4187.329802,Iran,Asia
723,1967,26538000.0,52.469,5906.731805,Iran,Asia
724,1972,30614000.0,55.234,9613.818607,Iran,Asia
725,1977,35480679.0,57.702,11888.59508,Iran,Asia
726,1982,43072751.0,59.62,7608.334602,Iran,Asia
727,1987,51889696.0,63.04,6642.881371,Iran,Asia
728,1992,60397973.0,65.742,7235.653188,Iran,Asia
729,1997,63327987.0,68.042,8263.590301,Iran,Asia
730,2002,66907826.0,69.451,9240.761975,Iran,Asia
731,2007,69453570.0,70.964,11605.71449,Iran,Asia
732,1952,5441766.0,45.32,4129.766056,Iraq,Asia
733,1957,6248643.0,48.437,6229.333562,Iraq,Asia
734,1962,7240260.0,51.457,8341.737815,Iraq,Asia
735,1967,8519282.0,54.459,8931.459811,Iraq,Asia
736,1972,10061506.0,56.95,9576.037596,Iraq,Asia
737,1977,11882916.0,60.413,14688.23507,Iraq,Asia
738,1982,14173318.0,62.038,14517.90711,Iraq,Asia
739,1987,16543189.0,65.044,11643.57268,Iraq,Asia
740,1992,17861905.0,59.461,3745.640687,Iraq,Asia
741,1997,20775703.0,58.811,3076.239795,Iraq,Asia
742,2002,24001816.0,57.046,4390.717312,Iraq,Asia
743,2007,27499638.0,59.545,4471.061906,Iraq,Asia
744,1952,2952156.0,66.91,5210.280328,Ireland,Europe
745,1957,2878220.0,68.9,5599.077872,Ireland,Europe
746,1962,2830000.0,70.29,6631.597314,Ireland,Europe
747,1967,2900100.0,71.08,7655.568963,Ireland,Europe
748,1972,3024400.0,71.28,9530.772896,Ireland,Europe
749,1977,3271900.0,72.03,11150.98113,Ireland,Europe
750,1982,3480000.0,73.1,12618.32141,Ireland,Europe
751,1987,3539900.0,74.36,13872.86652,Ireland,Europe
752,1992,3557761.0,75.467,17558.81555,Ireland,Europe
753,1997,3667233.0,76.122,24521.94713,Ireland,Europe
754,2002,3879155.0,77.783,34077.04939,Ireland,Europe
755,2007,4109086.0,78.885,40675.99635,Ireland,Europe
756,1952,1620914.0,65.39,4086.522128,Israel,Asia
757,1957,1944401.0,67.84,5385.278451,Israel,Asia
758,1962,2310904.0,69.39,7105.630706,Israel,Asia
759,1967,2693585.0,70.75,8393.741404,Israel,Asia
760,1972,3095893.0,71.63,12786.93223,Israel,Asia
761,1977,3495918.0,73.06,13306.61921,Israel,Asia
762,1982,3858421.0,74.45,15367.0292,Israel,Asia
763,1987,4203148.0,75.6,17122.47986,Israel,Asia
764,1992,4936550.0,76.93,18051.52254,Israel,Asia
765,1997,5531387.0,78.269,20896.60924,Israel,Asia
766,2002,6029529.0,79.696,21905.59514,Israel,Asia
767,2007,6426679.0,80.745,25523.2771,Israel,Asia
768,1952,47666000.0,65.94,4931.404155,Italy,Europe
769,1957,49182000.0,67.81,6248.656232,Italy,Europe
770,1962,50843200.0,69.24,8243.58234,Italy,Europe
771,1967,52667100.0,71.06,10022.40131,Italy,Europe
772,1972,54365564.0,72.19,12269.27378,Italy,Europe
773,1977,56059245.0,73.48,14255.98475,Italy,Europe
774,1982,56535636.0,74.98,16537.4835,Italy,Europe
775,1987,56729703.0,76.42,19207.23482,Italy,Europe
776,1992,56840847.0,77.44,22013.64486,Italy,Europe
777,1997,57479469.0,78.82,24675.02446,Italy,Europe
778,2002,57926999.0,80.24,27968.09817,Italy,Europe
779,2007,58147733.0,80.546,28569.7197,Italy,Europe
780,1952,1426095.0,58.53,2898.530881,Jamaica,Americas
781,1957,1535090.0,62.61,4756.525781,Jamaica,Americas
782,1962,1665128.0,65.61,5246.107524,Jamaica,Americas
783,1967,1861096.0,67.51,6124.703451,Jamaica,Americas
784,1972,1997616.0,69.0,7433.889293,Jamaica,Americas
785,1977,2156814.0,70.11,6650.195573,Jamaica,Americas
786,1982,2298309.0,71.21,6068.05135,Jamaica,Americas
787,1987,2326606.0,71.77,6351.237495,Jamaica,Americas
788,1992,2378618.0,71.766,7404.923685,Jamaica,Americas
789,1997,2531311.0,72.262,7121.924704,Jamaica,Americas
790,2002,2664659.0,72.047,6994.774861,Jamaica,Americas
791,2007,2780132.0,72.567,7320.880262,Jamaica,Americas
792,1952,86459025.0,63.03,3216.956347,Japan,Asia
793,1957,91563009.0,65.5,4317.694365,Japan,Asia
794,1962,95831757.0,68.73,6576.649461,Japan,Asia
795,1967,100825279.0,71.43,9847.788607,Japan,Asia
796,1972,107188273.0,73.42,14778.78636,Japan,Asia
797,1977,113872473.0,75.38,16610.37701,Japan,Asia
798,1982,118454974.0,77.11,19384.10571,Japan,Asia
799,1987,122091325.0,78.67,22375.94189,Japan,Asia
800,1992,124329269.0,79.36,26824.89511,Japan,Asia
801,1997,125956499.0,80.69,28816.58499,Japan,Asia
802,2002,127065841.0,82.0,28604.5919,Japan,Asia
803,2007,127467972.0,82.603,31656.06806,Japan,Asia
804,1952,607914.0,43.158,1546.907807,Jordan,Asia
805,1957,746559.0,45.669,1886.080591,Jordan,Asia
806,1962,933559.0,48.126,2348.009158,Jordan,Asia
807,1967,1255058.0,51.629,2741.796252,Jordan,Asia
808,1972,1613551.0,56.528,2110.856309,Jordan,Asia
809,1977,1937652.0,61.134,2852.351568,Jordan,Asia
810,1982,2347031.0,63.739,4161.415959,Jordan,Asia
811,1987,2820042.0,65.869,4448.679912,Jordan,Asia
812,1992,3867409.0,68.015,3431.593647,Jordan,Asia
813,1997,4526235.0,69.772,3645.379572,Jordan,Asia
814,2002,5307470.0,71.263,3844.917194,Jordan,Asia
815,2007,6053193.0,72.535,4519.461171,Jordan,    Asia
816,1952,6464046.0,42.27,853.540919,Kenya,Africa
817,1957,7454779.0,44.686,944.4383152,Kenya,Africa
818,1962,8678557.0,47.949,896.9663732,Kenya,Africa
819,1967,10191512.0,50.654,1056.736457,Kenya,Africa
820,1972,12044785.0,53.559,1222.359968,Kenya,Africa
821,1977,14500404.0,56.155,1267.613204,Kenya,Africa
822,1982,17661452.0,58.766,1348.225791,Kenya,Africa
823,1987,21198082.0,59.339,1361.936856,Kenya,Africa
824,1992,25020539.0,59.285,1341.921721,Kenya,Africa
825,1997,28263827.0,54.407,1360.485021,Kenya,Africa
826,2002,31386842.0,50.992,1287.514732,Kenya,Africa
827,2007,35610177.0,54.11,1463.249282,Kenya,Africa
828,1952,8865488.0,50.056,1088.277758,"Korea, Dem. Rep.",    Asia
829,1957,9411381.0,54.081,1571.134655,"Korea, Dem. Rep.",    Asia
830,1962,10917494.0,56.656,1621.693598,"Korea, Dem. Rep.",Asia
831,1967,12617009.0,59.942,2143.540609,"Korea, Dem. Rep.",Asia
832,1972,14781241.0,63.983,3701.621503,"Korea, Dem. Rep.",Asia
833,1977,16325320.0,67.159,4106.301249,"Korea, Dem. Rep.",Asia
834,1982,17647518.0,69.1,4106.525293,"Korea, Dem. Rep.",Asia
835,1987,19067554.0,70.647,4106.492315,"Korea, Dem. Rep.",Asia
836,1992,20711375.0,69.978,3726.063507,"Korea, Dem. Rep.",Asia
837,1997,21585105.0,67.727,1690.756814,"Korea, Dem. Rep.",Asia
838,2002,22215365.0,66.662,1646.758151,"Korea, Dem. Rep.",Asia
839,2007,23301725.0,67.297,1593.06548,"Korea, Dem. Rep.",Asia
840,1952,20947571.0,47.453,1030.592226,"Korea, Rep.",Asia
841,1957,22611552.0,52.681,1487.593537,"Korea, Rep.",Asia
842,1962,26420307.0,55.292,1536.344387,"Korea, Rep.",Asia
843,1967,30131000.0,57.716,2029.228142,"Korea, Rep.",Asia
844,1972,33505000.0,62.612,3030.87665,"Korea, Rep.",Asia
845,1977,36436000.0,64.766,4657.22102,"Korea, Rep.",Asia
846,1982,39326000.0,67.123,5622.942464,"Korea, Rep.",Asia
847,1987,41622000.0,69.81,8533.088805,"Korea, Rep.",Asia
848,1992,43805450.0,72.244,12104.27872,"Korea, Rep.",Asia
849,1997,46173816.0,74.647,15993.52796,"Korea, Rep.",Asia
850,2002,47969150.0,77.045,19233.98818,"Korea, Rep.",Asia
851,2007,49044790.0,78.623,23348.13973,"Korea, Rep.",Asia
852,1952,160000.0,55.565,108382.3529,Kuwait,Asia
853,1957,212846.0,58.033,113523.1329,Kuwait,Asia
854,1962,358266.0,60.47,95458.11176,Kuwait,Asia
855,1967,575003.0,64.624,80894.88326,Kuwait,Asia
856,1972,841934.0,67.712,109347.867,Kuwait,Asia
857,1977,1140357.0,69.343,59265.47714,Kuwait,Asia
858,1982,1497494.0,71.309,31354.03573,Kuwait,Asia
859,1987,1891487.0,74.174,28118.42998,Kuwait,Asia
860,1992,1418095.0,75.19,34932.91959,Kuwait,Asia
861,1997,1765345.0,76.156,40300.61996,Kuwait,Asia
862,2002,2111561.0,76.904,35110.10566,Kuwait,Asia
863,2007,2505559.0,77.588,47306.98978,Kuwait,Asia
864,1952,1439529.0,55.928,4834.804067,Lebanon,Asia
865,1957,1647412.0,59.489,6089.786934,Lebanon,Asia
866,1962,1886848.0,62.094,5714.560611,Lebanon,Asia
867,1967,2186894.0,63.87,6006.983042,Lebanon,Asia
868,1972,2680018.0,65.421,7486.384341,Lebanon,Asia
869,1977,3115787.0,66.099,8659.696836,Lebanon,Asia
870,1982,3086876.0,66.983,7640.519521,Lebanon,Asia
871,1987,3089353.0,67.926,5377.091329,Lebanon,Asia
872,1992,3219994.0,69.292,6890.806854,Lebanon,Asia
873,1997,3430388.0,70.265,8754.96385,Lebanon,Asia
874,2002,3677780.0,71.028,9313.93883,Lebanon,Asia
875,2007,3921278.0,71.993,10461.05868,Lebanon,Asia
876,1952,748747.0,42.138,298.8462121,Lesotho,Africa
877,1957,813338.0,45.047,335.9971151,Lesotho,Africa
878,1962,893143.0,47.747,411.8006266,Lesotho,Africa
879,1967,996380.0,48.492,498.6390265,Lesotho,Africa
880,1972,1116779.0,49.767,496.5815922,Lesotho,Africa
881,1977,1251524.0,52.208,745.3695408,Lesotho,Africa
882,1982,1411807.0,55.078,797.2631074,Lesotho,Africa
883,1987,1599200.0,57.18,773.9932141,Lesotho,Africa
884,1992,1803195.0,59.685,977.4862725,Lesotho,Africa
885,1997,1982823.0,55.558,1186.147994,Lesotho,Africa
886,2002,2046772.0,44.593,1275.184575,Lesotho,Africa
887,2007,2012649.0,42.592,1569.331442,Lesotho,Africa
888,1952,863308.0,38.48,575.5729961,Liberia,Africa
889,1957,975950.0,39.486,620.9699901,Liberia,Africa
890,1962,1112796.0,40.502,634.1951625,Liberia,Africa
891,1967,1279406.0,41.536,713.6036483,Liberia,Africa
892,1972,1482628.0,42.614,803.0054535,Liberia,Africa
893,1977,1703617.0,43.764,640.3224383,Liberia,Africa
894,1982,1956875.0,44.852,572.1995694,Liberia,Africa
895,1987,2269414.0,46.027,506.1138573,Liberia,Africa
896,1992,1912974.0,40.802,636.6229191,Liberia,Africa
897,1997,2200725.0,42.221,609.1739508,Liberia,Africa
898,2002,2814651.0,43.753,531.4823679,Liberia,Africa
899,2007,3193942.0,45.678,414.5073415,Liberia,Africa
900,1952,1019729.0,42.723,2387.54806,Libya,Africa
901,1957,1201578.0,45.289,3448.284395,Libya,Africa
902,1962,1441863.0,47.808,6757.030816,Libya,Africa
903,1967,1759224.0,50.227,18772.75169,Libya,Africa
904,1972,2183877.0,52.773,21011.49721,Libya,Africa
905,1977,2721783.0,57.442,21951.21176,Libya,Africa
906,1982,3344074.0,62.155,17364.27538,Libya,Africa
907,1987,3799845.0,66.234,11770.5898,Libya,Africa
908,1992,4364501.0,68.755,9640.138501,Libya,Africa
909,1997,4759670.0,71.555,9467.446056,Libya,Africa
910,2002,5368585.0,72.737,9534.677467,Libya,Africa
911,2007,6036914.0,73.952,12057.49928,Libya,Africa
912,1952,4762912.0,36.681,1443.011715,Madagascar,Africa
913,1957,5181679.0,38.865,1589.20275,Madagascar,Africa
914,1962,5703324.0,40.848,1643.38711,Madagascar,Africa
915,1967,6334556.0,42.881,1634.047282,Madagascar,Africa
916,1972,7082430.0,44.851,1748.562982,Madagascar,Africa
917,1977,8007166.0,46.881,1544.228586,Madagascar,Africa
918,1982,9171477.0,48.969,1302.878658,Madagascar,Africa
919,1987,10568642.0,49.35,1155.441948,Madagascar,Africa
920,1992,12210395.0,52.214,1040.67619,Madagascar,Africa
921,1997,14165114.0,54.978,986.2958956,Madagascar,Africa
922,2002,16473477.0,57.286,894.6370822,Madagascar,Africa
923,2007,19167654.0,59.443,1044.770126,Madagascar,Africa
924,1952,2917802.0,36.256,369.1650802,Malawi,Africa
925,1957,3221238.0,37.207,416.3698064,Malawi,Africa
926,1962,3628608.0,38.41,427.9010856,Malawi,Africa
927,1967,4147252.0,39.487,495.5147806,Malawi,Africa
928,1972,4730997.0,41.766,584.6219709,Malawi,Africa
929,1977,5637246.0,43.767,663.2236766,Malawi,Africa
930,1982,6502825.0,45.642,632.8039209,Malawi,Africa
931,1987,7824747.0,47.457,635.5173634,Malawi,Africa
932,1992,10014249.0,49.42,563.2000145,Malawi,Africa
933,1997,10419991.0,47.495,692.2758103,Malawi,Africa
934,2002,11824495.0,45.009,665.4231186,Malawi,Africa
935,2007,13327079.0,48.303,759.3499101,Malawi,Africa
936,1952,6748378.0,48.463,1831.132894,Malaysia,Asia
937,1957,7739235.0,52.102,1810.066992,Malaysia,Asia
938,1962,8906385.0,55.737,2036.884944,Malaysia,Asia
939,1967,10154878.0,59.371,2277.742396,Malaysia,Asia
940,1972,11441462.0,63.01,2849.09478,Malaysia,Asia
941,1977,12845381.0,65.256,3827.921571,Malaysia,Asia
942,1982,14441916.0,68.0,4920.355951,Malaysia,Asia
943,1987,16331785.0,69.5,5249.802653,Malaysia,Asia
944,1992,18319502.0,70.693,7277.912802,Malaysia,Asia
945,1997,20476091.0,71.938,10132.90964,Malaysia,Asia
946,2002,22662365.0,73.044,10206.97794,Malaysia,Asia
947,2007,24821286.0,74.241,12451.6558,Malaysia,Asia
948,1952,3838168.0,33.685,452.3369807,Mali,Africa
949,1957,4241884.0,35.307,490.3821867,Mali,Africa
950,1962,4690372.0,36.936,496.1743428,Mali,Africa
951,1967,5212416.0,38.487,545.0098873,Mali,Africa
952,1972,5828158.0,39.977,581.3688761,Mali,Africa
953,1977,6491649.0,41.714,686.3952693,Mali,Africa
954,1982,6998256.0,43.916,618.0140641,Mali,Africa
955,1987,7634008.0,46.364,684.1715576,Mali,Africa
956,1992,8416215.0,48.388,739.014375,Mali,Africa
957,1997,9384984.0,49.903,790.2579846,Mali,Africa
958,2002,10580176.0,51.818,951.4097518,Mali,Africa
959,2007,12031795.0,54.467,1042.581557,Mali,Africa
960,1952,1022556.0,40.543,743.1159097,Mauritania,Africa
961,1957,1076852.0,42.338,846.1202613,Mauritania,Africa
962,1962,1146757.0,44.248,1055.896036,Mauritania,Africa
963,1967,1230542.0,46.289,1421.145193,Mauritania,Africa
964,1972,1332786.0,48.437,1586.851781,Mauritania,Africa
965,1977,1456688.0,50.852,1497.492223,Mauritania,Africa
966,1982,1622136.0,53.599,1481.150189,Mauritania,Africa
967,1987,1841240.0,56.145,1421.603576,Mauritania,Africa
968,1992,2119465.0,58.333,1361.369784,Mauritania,Africa
969,1997,2444741.0,60.43,1483.136136,Mauritania,Africa
970,2002,2828858.0,62.247,1579.019543,Mauritania,Africa
971,2007,3270065.0,64.164,1803.151496,Mauritania,Africa
972,1952,516556.0,50.986,1967.955707,Mauritius,Africa
973,1957,609816.0,58.089,2034.037981,Mauritius,Africa
974,1962,701016.0,60.246,2529.067487,Mauritius,Africa
975,1967,789309.0,61.557,2475.387562,Mauritius,Africa
976,1972,851334.0,62.944,2575.484158,Mauritius,Africa
977,1977,913025.0,64.93,3710.982963,Mauritius,Africa
978,1982,992040.0,66.711,3688.037739,Mauritius,Africa
979,1987,1042663.0,68.74,4783.586903,Mauritius,Africa
980,1992,1096202.0,69.745,6058.253846,Mauritius,Africa
981,1997,1149818.0,70.736,7425.705295,Mauritius,Africa
982,2002,1200206.0,71.954,9021.815894,Mauritius,Africa
983,2007,1250882.0,72.801,10956.99112,Mauritius,Africa
984,1952,30144317.0,50.789,3478.125529,Mexico,Americas
985,1957,35015548.0,55.19,4131.546641,Mexico,Americas
986,1962,41121485.0,58.299,4581.609385,Mexico,Americas
987,1967,47995559.0,60.11,5754.733883,Mexico,Americas
988,1972,55984294.0,62.361,6809.40669,Mexico,Americas
989,1977,63759976.0,65.032,7674.929108,Mexico,Americas
990,1982,71640904.0,67.405,9611.147541,Mexico,Americas
991,1987,80122492.0,69.498,8688.156003,Mexico,Americas
992,1992,88111030.0,71.455,9472.384295,Mexico,Americas
993,1997,95895146.0,73.67,9767.29753,Mexico,Americas
994,2002,102479927.0,74.902,10742.44053,Mexico,Americas
995,2007,108700891.0,76.195,11977.57496,Mexico,Americas
996,1952,800663.0,42.244,786.5668575,Mongolia,Asia
997,1957,882134.0,45.248,912.6626085,Mongolia,Asia
998,1962,1010280.0,48.251,1056.353958,Mongolia,Asia
999,1967,1149500.0,51.253,1226.04113,Mongolia,Asia
1000,1972,1320500.0,53.754,1421.741975,Mongolia,Asia
1001,1977,1528000.0,55.491,1647.511665,Mongolia,Asia
1002,1982,1756032.0,57.489,2000.603139,Mongolia,Asia
1003,1987,2015133.0,60.222,2338.008304,Mongolia,Asia
1004,1992,2312802.0,61.271,1785.402016,Mongolia,Asia
1005,1997,2494803.0,63.625,1902.2521,Mongolia,Asia
1006,2002,2674234.0,65.033,2140.739323,Mongolia,Asia
1007,2007,2874127.0,66.803,3095.772271,Mongolia,Asia
1008,1952,413834.0,59.164,2647.585601,Montenegro,Europe
1009,1957,442829.0,61.448,3682.259903,Montenegro,Europe
1010,1962,474528.0,63.728,4649.593785,Montenegro,Europe
1011,1967,501035.0,67.178,5907.850937,Montenegro,Europe
1012,1972,527678.0,70.636,7778.414017,Montenegro,Europe
1013,1977,560073.0,73.066,9595.929905,Montenegro,Europe
1014,1982,562548.0,74.101,11222.58762,Montenegro,Europe
1015,1987,569473.0,74.865,11732.51017,Montenegro,Europe
1016,1992,621621.0,75.435,7003.339037,Montenegro,Europe
1017,1997,692651.0,75.445,6465.613349,Montenegro,Europe
1018,2002,720230.0,73.981,6557.194282,Montenegro,Europe
1019,2007,684736.0,74.543,9253.896111,Montenegro,Europe
1020,1952,9939217.0,42.873,1688.20357,Morocco,Africa
1021,1957,11406350.0,45.423,1642.002314,Morocco,Africa
1022,1962,13056604.0,47.924,1566.353493,Morocco,Africa
1023,1967,14770296.0,50.335,1711.04477,Morocco,Africa
1024,1972,16660670.0,52.862,1930.194975,Morocco,Africa
1025,1977,18396941.0,55.73,2370.619976,Morocco,Africa
1026,1982,20198730.0,59.65,2702.620356,Morocco,Africa
1027,1987,22987397.0,62.677,2755.046991,Morocco,Africa
1028,1992,25798239.0,65.393,2948.047252,Morocco,Africa
1029,1997,28529501.0,67.66,2982.101858,Morocco,Africa
1030,2002,31167783.0,69.615,3258.495584,Morocco,Africa
1031,2007,33757175.0,71.164,3820.17523,Morocco,Africa
1032,1952,6446316.0,31.286,468.5260381,Mozambique,Africa
1033,1957,7038035.0,33.779,495.5868333,Mozambique,Africa
1034,1962,7788944.0,36.161,556.6863539,Mozambique,Africa
1035,1967,8680909.0,38.113,566.6691539,Mozambique,Africa
1036,1972,9809596.0,40.328,724.9178037,Mozambique,Africa
1037,1977,11127868.0,42.495,502.3197334,Mozambique,Africa
1038,1982,12587223.0,42.795,462.2114149,Mozambique,Africa
1039,1987,12891952.0,42.861,389.8761846,Mozambique,Africa
1040,1992,13160731.0,44.284,410.8968239,Mozambique,Africa
1041,1997,16603334.0,46.344,472.3460771,Mozambique,Africa
1042,2002,18473780.0,44.026,633.6179466,Mozambique,Africa
1043,2007,19951656.0,42.082,823.6856205,Mozambique,Africa
1044,1952,20092996.0,36.319,331.0,Myanmar,Asia
1045,1957,21731844.0,41.905,350.0,Myanmar,Asia
1046,1962,23634436.0,45.108,388.0,Myanmar,Asia
1047,1967,25870271.0,49.379,349.0,Myanmar,Asia
1048,1972,28466390.0,53.07,357.0,Myanmar,Asia
1049,1977,31528087.0,56.059,371.0,Myanmar,Asia
1050,1982,34680442.0,58.056,424.0,Myanmar,Asia
1051,1987,38028578.0,58.339,385.0,Myanmar,Asia
1052,1992,40546538.0,59.32,347.0,Myanmar,Asia
1053,1997,43247867.0,60.328,415.0,Myanmar,Asia
1054,2002,45598081.0,59.908,611.0,Myanmar,Asia
1055,2007,47761980.0,62.069,944.0,Myanmar,Asia
1056,1952,485831.0,41.725,2423.780443,Namibia,Africa
1057,1957,548080.0,45.226,2621.448058,Namibia,Africa
1058,1962,621392.0,48.386,3173.215595,Namibia,Africa
1059,1967,706640.0,51.159,3793.694753,Namibia,Africa
1060,1972,821782.0,53.867,3746.080948,Namibia,Africa
1061,1977,977026.0,56.437,3876.485958,Namibia,Africa
1062,1982,1099010.0,58.968,4191.100511,Namibia,Africa
1063,1987,1278184.0,60.835,3693.731337,Namibia,Africa
1064,1992,1554253.0,61.999,3804.537999,Namibia,Africa
1065,1997,1774766.0,58.909,3899.52426,Namibia,Africa
1066,2002,1972153.0,51.479,4072.324751,Namibia,Africa
1067,2007,2055080.0,52.906,4811.060429,Namibia,Africa
1068,1952,9182536.0,36.157,545.8657229,Nepal,Asia
1069,1957,9682338.0,37.686,597.9363558,Nepal,Asia
1070,1962,10332057.0,39.393,652.3968593,Nepal,Asia
1071,1967,11261690.0,41.472,676.4422254,Nepal,Asia
1072,1972,12412593.0,43.971,674.7881296,Nepal,Asia
1073,1977,13933198.0,46.748,694.1124398,Nepal,Asia
1074,1982,15796314.0,49.594,718.3730947,Nepal,Asia
1075,1987,17917180.0,52.537,775.6324501,Nepal,Asia
1076,1992,20326209.0,55.727,897.7403604,Nepal,Asia
1077,1997,23001113.0,59.426,1010.892138,Nepal,Asia
1078,2002,25873917.0,61.34,1057.206311,Nepal,Asia
1079,2007,28901790.0,63.785,1091.359778,Nepal,Asia
1080,1952,10381988.0,72.13,8941.571858,Netherlands,Europe
1081,1957,11026383.0,72.99,11276.19344,Netherlands,Europe
1082,1962,11805689.0,73.23,12790.84956,Netherlands,Europe
1083,1967,12596822.0,73.82,15363.25136,Netherlands,Europe
1084,1972,13329874.0,73.75,18794.74567,Netherlands,Europe
1085,1977,13852989.0,75.24,21209.0592,Netherlands,Europe
1086,1982,14310401.0,76.05,21399.46046,Netherlands,Europe
1087,1987,14665278.0,76.83,23651.32361,Netherlands,Europe
1088,1992,15174244.0,77.42,26790.94961,Netherlands,Europe
1089,1997,15604464.0,78.03,30246.13063,Netherlands,Europe
1090,2002,16122830.0,78.53,33724.75778,Netherlands,Europe
1091,2007,16570613.0,79.762,36797.93332,Netherlands,Europe
1092,1952,1994794.0,69.39,10556.57566,New Zealand,Oceania
1093,1957,2229407.0,70.26,12247.39532,New Zealand,Oceania
1094,1962,2488550.0,71.24,13175.678,New Zealand,Oceania
1095,1967,2728150.0,71.52,14463.91893,New Zealand,Oceania
1096,1972,2929100.0,71.89,16046.03728,New Zealand,Oceania
1097,1977,3164900.0,72.22,16233.7177,New Zealand,Oceania
1098,1982,3210650.0,73.84,17632.4104,New Zealand,Oceania
1099,1987,3317166.0,74.32,19007.19129,New Zealand,Oceania
1100,1992,3437674.0,76.33,18363.32494,New Zealand,Oceania
1101,1997,3676187.0,77.55,21050.41377,New Zealand,Oceania
1102,2002,3908037.0,79.11,23189.80135,New Zealand,Oceania
1103,2007,4115771.0,80.204,25185.00911,New Zealand,Oceania
1104,1952,1165790.0,42.314,3112.363948,Nicaragua,Americas
1105,1957,1358828.0,45.432,3457.415947,Nicaragua,Americas
1106,1962,1590597.0,48.632,3634.364406,Nicaragua,Americas
1107,1967,1865490.0,51.884,4643.393534,Nicaragua,Americas
1108,1972,2182908.0,55.151,4688.593267,Nicaragua,Americas
1109,1977,2554598.0,57.47,5486.371089,Nicaragua,Americas
1110,1982,2979423.0,59.298,3470.338156,Nicaragua,Americas
1111,1987,3344353.0,62.008,2955.984375,Nicaragua,Americas
1112,1992,4017939.0,65.843,2170.151724,Nicaragua,Americas
1113,1997,4609572.0,68.426,2253.023004,Nicaragua,Americas
1114,2002,5146848.0,70.836,2474.548819,Nicaragua,Americas
1115,2007,5675356.0,72.899,2749.320965,Nicaragua,Americas
1116,1952,3379468.0,37.444,761.879376,Niger,Africa
1117,1957,3692184.0,38.598,835.5234025,Niger,Africa
1118,1962,4076008.0,39.487,997.7661127,Niger,Africa
1119,1967,4534062.0,40.118,1054.384891,Niger,Africa
1120,1972,5060262.0,40.546,954.2092363,Niger,Africa
1121,1977,5682086.0,41.291,808.8970728,Niger,Africa
1122,1982,6437188.0,42.598,909.7221354,Niger,Africa
1123,1987,7332638.0,44.555,668.3000228,Niger,Africa
1124,1992,8392818.0,47.391,581.182725,Niger,Africa
1125,1997,9666252.0,51.313,580.3052092,Niger,Africa
1126,2002,11140655.0,54.496,601.0745012,Niger,Africa
1127,2007,12894865.0,56.867,619.6768924,Niger,Africa
1128,1952,33119096.0,36.324,1077.281856,Nigeria,Africa
1129,1957,37173340.0,37.802,1100.592563,Nigeria,Africa
1130,1962,41871351.0,39.36,1150.927478,Nigeria,Africa
1131,1967,47287752.0,41.04,1014.514104,Nigeria,Africa
1132,1972,53740085.0,42.821,1698.388838,Nigeria,Africa
1133,1977,62209173.0,44.514,1981.951806,Nigeria,Africa
1134,1982,73039376.0,45.826,1576.97375,Nigeria,Africa
1135,1987,81551520.0,46.886,1385.029563,Nigeria,Africa
1136,1992,93364244.0,47.472,1619.848217,Nigeria,Africa
1137,1997,106207839.0,47.464,1624.941275,Nigeria,Africa
1138,2002,119901274.0,46.608,1615.286395,Nigeria,Africa
1139,2007,135031164.0,46.859,2013.977305,Nigeria,Africa
1140,1952,3327728.0,72.67,10095.42172,Norway,Europe
1141,1957,3491938.0,73.44,11653.97304,Norway,Europe
1142,1962,3638919.0,73.47,13450.40151,Norway,Europe
1143,1967,3786019.0,74.08,16361.87647,Norway,Europe
1144,1972,3933004.0,74.34,18965.05551,Norway,Europe
1145,1977,4043205.0,75.37,23311.34939,Norway,Europe
1146,1982,4114787.0,75.97,26298.63531,Norway,Europe
1147,1987,4186147.0,75.89,31540.9748,Norway,Europe
1148,1992,4286357.0,77.32,33965.66115,Norway,Europe
1149,1997,4405672.0,78.32,41283.16433,Norway,Europe
1150,2002,4535591.0,79.05,44683.97525,Norway,Europe
1151,2007,4627926.0,80.196,49357.19017,Norway,Europe
1152,1952,507833.0,37.578,1828.230307,Oman,Asia
1153,1957,561977.0,40.08,2242.746551,Oman,Asia
1154,1962,628164.0,43.165,2924.638113,Oman,Asia
1155,1967,714775.0,46.988,4720.942687,Oman,Asia
1156,1972,829050.0,52.143,10618.03855,Oman,Asia
1157,1977,1004533.0,57.367,11848.34392,Oman,Asia
1158,1982,1301048.0,62.728,12954.79101,Oman,Asia
1159,1987,1593882.0,67.734,18115.22313,Oman,Asia
1160,1992,1915208.0,71.197,18616.70691,Oman,Asia
1161,1997,2283635.0,72.499,19702.05581,Oman,Asia
1162,2002,2713462.0,74.193,19774.83687,Oman,Asia
1163,2007,3204897.0,75.64,22316.19287,Oman,Asia
1164,1952,41346560.0,43.436,684.5971438,Pakistan,Asia
1165,1957,46679944.0,45.557,747.0835292,Pakistan,Asia
1166,1962,53100671.0,47.67,803.3427418,Pakistan,Asia
1167,1967,60641899.0,49.8,942.4082588,Pakistan,Asia
1168,1972,69325921.0,51.929,1049.938981,Pakistan,Asia
1169,1977,78152686.0,54.043,1175.921193,Pakistan,Asia
1170,1982,91462088.0,56.158,1443.429832,Pakistan,Asia
1171,1987,105186881.0,58.245,1704.686583,Pakistan,Asia
1172,1992,120065004.0,60.838,1971.829464,Pakistan,Asia
1173,1997,135564834.0,61.818,2049.350521,Pakistan,Asia
1174,2002,153403524.0,63.61,2092.712441,Pakistan,Asia
1175,2007,169270617.0,65.483,2605.94758,Pakistan,Asia
1176,1952,940080.0,55.191,2480.380334,Panama,Americas
1177,1957,1063506.0,59.201,2961.800905,Panama,Americas
1178,1962,1215725.0,61.817,3536.540301,Panama,Americas
1179,1967,1405486.0,64.071,4421.009084,Panama,Americas
1180,1972,1616384.0,66.216,5364.249663,Panama,Americas
1181,1977,1839782.0,68.681,5351.912144,Panama,Americas
1182,1982,2036305.0,70.472,7009.601598,Panama,Americas
1183,1987,2253639.0,71.523,7034.779161,Panama,Americas
1184,1992,2484997.0,72.462,6618.74305,Panama,Americas
1185,1997,2734531.0,73.738,7113.692252,Panama,Americas
1186,2002,2990875.0,74.712,7356.031934,Panama,Americas
1187,2007,3242173.0,75.537,9809.185636,Panama,Americas
1188,1952,1555876.0,62.649,1952.308701,Paraguay,Americas
1189,1957,1770902.0,63.196,2046.154706,Paraguay,Americas
1190,1962,2009813.0,64.361,2148.027146,Paraguay,Americas
1191,1967,2287985.0,64.951,2299.376311,Paraguay,Americas
1192,1972,2614104.0,65.815,2523.337977,Paraguay,Americas
1193,1977,2984494.0,66.353,3248.373311,Paraguay,Americas
1194,1982,3366439.0,66.874,4258.503604,Paraguay,Americas
1195,1987,3886512.0,67.378,3998.875695,Paraguay,Americas
1196,1992,4483945.0,68.225,4196.411078,Paraguay,Americas
1197,1997,5154123.0,69.4,4247.400261,Paraguay,Americas
1198,2002,5884491.0,70.755,3783.674243,Paraguay,Americas
1199,2007,6667147.0,71.752,4172.838464,Paraguay,Americas
1200,1952,8025700.0,43.902,3758.523437,Peru,Americas
1201,1957,9146100.0,46.263,4245.256698,Peru,Americas
1202,1962,10516500.0,49.096,4957.037982,Peru,Americas
1203,1967,12132200.0,51.445,5788.09333,Peru,Americas
1204,1972,13954700.0,55.448,5937.827283,Peru,Americas
1205,1977,15990099.0,58.447,6281.290855,Peru,Americas
1206,1982,18125129.0,61.406,6434.501797,Peru,Americas
1207,1987,20195924.0,64.134,6360.943444,Peru,Americas
1208,1992,22430449.0,66.458,4446.380924,Peru,Americas
1209,1997,24748122.0,68.386,5838.347657,Peru,Americas
1210,2002,26769436.0,69.906,5909.020073,Peru,Americas
1211,2007,28674757.0,71.421,7408.905561,Peru,Americas
1212,1952,22438691.0,47.752,1272.880995,Philippines,Asia
1213,1957,26072194.0,51.334,1547.944844,Philippines,Asia
1214,1962,30325264.0,54.757,1649.552153,Philippines,Asia
1215,1967,35356600.0,56.393,1814.12743,Philippines,Asia
1216,1972,40850141.0,58.065,1989.37407,Philippines,Asia
1217,1977,46850962.0,60.06,2373.204287,Philippines,Asia
1218,1982,53456774.0,62.082,2603.273765,Philippines,Asia
1219,1987,60017788.0,64.151,2189.634995,Philippines,Asia
1220,1992,67185766.0,66.458,2279.324017,Philippines,Asia
1221,1997,75012988.0,68.564,2536.534925,Philippines,Asia
1222,2002,82995088.0,70.303,2650.921068,Philippines,Asia
1223,2007,91077287.0,71.688,3190.481016,Philippines,Asia
1224,1952,25730551.0,61.31,4029.329699,Poland,Europe
1225,1957,28235346.0,65.77,4734.253019,Poland,Europe
1226,1962,30329617.0,67.64,5338.752143,Poland,Europe
1227,1967,31785378.0,69.61,6557.152776,Poland,Europe
1228,1972,33039545.0,70.85,8006.506993,Poland,Europe
1229,1977,34621254.0,70.67,9508.141454,Poland,Europe
1230,1982,36227381.0,71.32,8451.531004,Poland,Europe
1231,1987,37740710.0,70.98,9082.351172,Poland,Europe
1232,1992,38370697.0,70.99,7738.881247,Poland,Europe
1233,1997,38654957.0,72.75,10159.58368,Poland,Europe
1234,2002,38625976.0,74.67,12002.23908,Poland,Europe
1235,2007,38518241.0,75.563,15389.92468,Poland,Europe
1236,1952,8526050.0,59.82,3068.319867,Portugal,Europe
1237,1957,8817650.0,61.51,3774.571743,Portugal,Europe
1238,1962,9019800.0,64.39,4727.954889,Portugal,Europe
1239,1967,9103000.0,66.6,6361.517993,Portugal,Europe
1240,1972,8970450.0,69.26,9022.247417,Portugal,Europe
1241,1977,9662600.0,70.41,10172.48572,Portugal,Europe
1242,1982,9859650.0,72.77,11753.84291,Portugal,Europe
1243,1987,9915289.0,74.06,13039.30876,Portugal,Europe
1244,1992,9927680.0,74.86,16207.26663,Portugal,Europe
1245,1997,10156415.0,75.97,17641.03156,Portugal,Europe
1246,2002,10433867.0,77.29,19970.90787,Portugal,Europe
1247,2007,10642836.0,78.098,20509.64777,Portugal,Europe
1248,1952,2227000.0,64.28,3081.959785,Puerto Rico,Americas
1249,1957,2260000.0,68.54,3907.156189,Puerto Rico,Americas
1250,1962,2448046.0,69.62,5108.34463,Puerto Rico,Americas
1251,1967,2648961.0,71.1,6929.277714,Puerto Rico,Americas
1252,1972,2847132.0,72.16,9123.041742,Puerto Rico,Americas
1253,1977,3080828.0,73.44,9770.524921,Puerto Rico,Americas
1254,1982,3279001.0,73.75,10330.98915,Puerto Rico,Americas
1255,1987,3444468.0,74.63,12281.34191,Puerto Rico,Americas
1256,1992,3585176.0,73.911,14641.58711,Puerto Rico,Americas
1257,1997,3759430.0,74.917,16999.4333,Puerto Rico,Americas
1258,2002,3859606.0,77.778,18855.60618,Puerto Rico,Americas
1259,2007,3942491.0,78.746,19328.70901,Puerto Rico,Americas
1260,1952,257700.0,52.724,2718.885295,Reunion,Africa
1261,1957,308700.0,55.09,2769.451844,Reunion,Africa
1262,1962,358900.0,57.666,3173.72334,Reunion,Africa
1263,1967,414024.0,60.542,4021.175739,Reunion,Africa
1264,1972,461633.0,64.274,5047.658563,Reunion,Africa
1265,1977,492095.0,67.064,4319.804067,Reunion,Africa
1266,1982,517810.0,69.885,5267.219353,Reunion,Africa
1267,1987,562035.0,71.913,5303.377488,Reunion,Africa
1268,1992,622191.0,73.615,6101.255823,Reunion,Africa
1269,1997,684810.0,74.772,6071.941411,Reunion,Africa
1270,2002,743981.0,75.744,6316.1652,Reunion,Africa
1271,2007,798094.0,76.442,7670.122558,Reunion,Africa
1272,1952,16630000.0,61.05,3144.613186,Romania,Europe
1273,1957,17829327.0,64.1,3943.370225,Romania,Europe
1274,1962,18680721.0,66.8,4734.997586,Romania,Europe
1275,1967,19284814.0,66.8,6470.866545,Romania,Europe
1276,1972,20662648.0,69.21,8011.414402,Romania,Europe
1277,1977,21658597.0,69.46,9356.39724,Romania,Europe
1278,1982,22356726.0,69.66,9605.314053,Romania,Europe
1279,1987,22686371.0,69.53,9696.273295,Romania,Europe
1280,1992,22797027.0,69.36,6598.409903,Romania,Europe
1281,1997,22562458.0,69.72,7346.547557,Romania,Europe
1282,2002,22404337.0,71.322,7885.360081,Romania,Europe
1283,2007,22276056.0,72.476,10808.47561,Romania,Europe
1284,1952,2534927.0,40.0,493.3238752,Rwanda,Africa
1285,1957,2822082.0,41.5,540.2893983,Rwanda,Africa
1286,1962,3051242.0,43.0,597.4730727,Rwanda,Africa
1287,1967,3451079.0,44.1,510.9637142,Rwanda,Africa
1288,1972,3992121.0,44.6,590.5806638,Rwanda,Africa
1289,1977,4657072.0,45.0,670.0806011,Rwanda,Africa
1290,1982,5507565.0,46.218,881.5706467,Rwanda,Africa
1291,1987,6349365.0,44.02,847.991217,Rwanda,Africa
1292,1992,7290203.0,23.599,737.0685949,Rwanda,Africa
1293,1997,7212583.0,36.087,589.9445051,Rwanda,Africa
1294,2002,7852401.0,43.413,785.6537648,Rwanda,Africa
1295,2007,8860588.0,46.242,863.0884639,Rwanda,Africa
1296,1952,60011.0,46.471,879.5835855,Sao Tome and Principe,Africa
1297,1957,61325.0,48.945,860.7369026,Sao Tome and Principe,Africa
1298,1962,65345.0,51.893,1071.551119,Sao Tome and Principe,Africa
1299,1967,70787.0,54.425,1384.840593,Sao Tome and Principe,Africa
1300,1972,76595.0,56.48,1532.985254,Sao Tome and Principe,Africa
1301,1977,86796.0,58.55,1737.561657,Sao Tome and Principe,Africa
1302,1982,98593.0,60.351,1890.218117,Sao Tome and Principe,Africa
1303,1987,110812.0,61.728,1516.525457,Sao Tome and Principe,Africa
1304,1992,125911.0,62.742,1428.777814,Sao Tome and Principe,Africa
1305,1997,145608.0,63.306,1339.076036,Sao Tome and Principe,Africa
1306,2002,170372.0,64.337,1353.09239,Sao Tome and Principe,Africa
1307,2007,199579.0,65.528,1598.435089,Sao Tome and Principe,Africa
1308,1952,4005677.0,39.875,6459.554823,Saudi Arabia,Asia
1309,1957,4419650.0,42.868,8157.591248,Saudi Arabia,Asia
1310,1962,4943029.0,45.914,11626.41975,Saudi Arabia,Asia
1311,1967,5618198.0,49.901,16903.04886,Saudi Arabia,Asia
1312,1972,6472756.0,53.886,24837.42865,Saudi Arabia,Asia
1313,1977,8128505.0,58.69,34167.7626,Saudi Arabia,Asia
1314,1982,11254672.0,63.012,33693.17525,Saudi Arabia,Asia
1315,1987,14619745.0,66.295,21198.26136,Saudi Arabia,Asia
1316,1992,16945857.0,68.768,24841.61777,Saudi Arabia,Asia
1317,1997,21229759.0,70.533,20586.69019,Saudi Arabia,Asia
1318,2002,24501530.0,71.626,19014.54118,Saudi Arabia,Asia
1319,2007,27601038.0,72.777,21654.83194,Saudi Arabia,Asia
1320,1952,2755589.0,37.278,1450.356983,Senegal,Africa
1321,1957,3054547.0,39.329,1567.653006,Senegal,Africa
1322,1962,3430243.0,41.454,1654.988723,Senegal,Africa
1323,1967,3965841.0,43.563,1612.404632,Senegal,Africa
1324,1972,4588696.0,45.815,1597.712056,Senegal,Africa
1325,1977,5260855.0,48.879,1561.769116,Senegal,Africa
1326,1982,6147783.0,52.379,1518.479984,Senegal,Africa
1327,1987,7171347.0,55.769,1441.72072,Senegal,Africa
1328,1992,8307920.0,58.196,1367.899369,Senegal,Africa
1329,1997,9535314.0,60.187,1392.368347,Senegal,Africa
1330,2002,10870037.0,61.6,1519.635262,Senegal,Africa
1331,2007,12267493.0,63.062,1712.472136,Senegal,Africa
1332,1952,6860147.0,57.996,3581.459448,Serbia,Europe
1333,1957,7271135.0,61.685,4981.090891,Serbia,Europe
1334,1962,7616060.0,64.531,6289.629157,Serbia,Europe
1335,1967,7971222.0,66.914,7991.707066,Serbia,Europe
1336,1972,8313288.0,68.7,10522.06749,Serbia,Europe
1337,1977,8686367.0,70.3,12980.66956,Serbia,Europe
1338,1982,9032824.0,70.162,15181.0927,Serbia,Europe
1339,1987,9230783.0,71.218,15870.87851,Serbia,Europe
1340,1992,9826397.0,71.659,9325.068238,Serbia,Europe
1341,1997,10336594.0,72.232,7914.320304,Serbia,Europe
1342,2002,10111559.0,73.213,7236.075251,Serbia,Europe
1343,2007,10150265.0,74.002,9786.534714,Serbia,Europe
1344,1952,2143249.0,30.331,879.7877358,Sierra Leone,Africa
1345,1957,2295678.0,31.57,1004.484437,Sierra Leone,Africa
1346,1962,2467895.0,32.767,1116.639877,Sierra Leone,Africa
1347,1967,2662190.0,34.113,1206.043465,Sierra Leone,Africa
1348,1972,2879013.0,35.4,1353.759762,Sierra Leone,Africa
1349,1977,3140897.0,36.788,1348.285159,Sierra Leone,Africa
1350,1982,3464522.0,38.445,1465.010784,Sierra Leone,Africa
1351,1987,3868905.0,40.006,1294.447788,Sierra Leone,Africa
1352,1992,4260884.0,38.333,1068.696278,Sierra Leone,Africa
1353,1997,4578212.0,39.897,574.6481576,Sierra Leone,Africa
1354,2002,5359092.0,41.012,699.489713,Sierra Leone,Africa
1355,2007,6144562.0,42.568,862.5407561,Sierra Leone,Africa
1356,1952,1127000.0,60.396,2315.138227,Singapore,Asia
1357,1957,1445929.0,63.179,2843.104409,Singapore,Asia
1358,1962,1750200.0,65.798,3674.735572,Singapore,Asia
1359,1967,1977600.0,67.946,4977.41854,Singapore,Asia
1360,1972,2152400.0,69.521,8597.756202,Singapore,Asia
1361,1977,2325300.0,70.795,11210.08948,Singapore,Asia
1362,1982,2651869.0,71.76,15169.16112,Singapore,Asia
1363,1987,2794552.0,73.56,18861.53081,Singapore,Asia
1364,1992,3235865.0,75.788,24769.8912,Singapore,Asia
1365,1997,3802309.0,77.158,33519.4766,Singapore,Asia
1366,2002,4197776.0,78.77,36023.1054,Singapore,Asia
1367,2007,4553009.0,79.972,47143.17964,Singapore,Asia
1368,1952,3558137.0,64.36,5074.659104,Slovak Republic,Europe
1369,1957,3844277.0,67.45,6093.26298,Slovak Republic,Europe
1370,1962,4237384.0,70.33,7481.107598,Slovak Republic,Europe
1371,1967,4442238.0,70.98,8412.902397,Slovak Republic,Europe
1372,1972,4593433.0,70.35,9674.167626,Slovak Republic,Europe
1373,1977,4827803.0,70.45,10922.66404,Slovak Republic,Europe
1374,1982,5048043.0,70.8,11348.54585,Slovak Republic,Europe
1375,1987,5199318.0,71.08,12037.26758,Slovak Republic,Europe
1376,1992,5302888.0,71.38,9498.467723,Slovak Republic,Europe
1377,1997,5383010.0,72.71,12126.23065,Slovak Republic,Europe
1378,2002,5410052.0,73.8,13638.77837,Slovak Republic,Europe
1379,2007,5447502.0,74.663,18678.31435,Slovak Republic,Europe
1380,1952,1489518.0,65.57,4215.041741,Slovenia,Europe
1381,1957,1533070.0,67.85,5862.276629,Slovenia,Europe
1382,1962,1582962.0,69.15,7402.303395,Slovenia,Europe
1383,1967,1646912.0,69.18,9405.489397,Slovenia,Europe
1384,1972,1694510.0,69.82,12383.4862,Slovenia,Europe
1385,1977,1746919.0,70.97,15277.03017,Slovenia,Europe
1386,1982,1861252.0,71.063,17866.72175,Slovenia,Europe
1387,1987,1945870.0,72.25,18678.53492,Slovenia,Europe
1388,1992,1999210.0,73.64,14214.71681,Slovenia,Europe
1389,1997,2011612.0,75.13,17161.10735,Slovenia,Europe
1390,2002,2011497.0,76.66,20660.01936,Slovenia,Europe
1391,2007,2009245.0,77.926,25768.25759,Slovenia,Europe
1392,1952,2526994.0,32.978,1135.749842,Somalia,Africa
1393,1957,2780415.0,34.977,1258.147413,Somalia,Africa
1394,1962,3080153.0,36.981,1369.488336,Somalia,Africa
1395,1967,3428839.0,38.977,1284.73318,Somalia,Africa
1396,1972,3840161.0,40.973,1254.576127,Somalia,Africa
1397,1977,4353666.0,41.974,1450.992513,Somalia,Africa
1398,1982,5828892.0,42.955,1176.807031,Somalia,Africa
1399,1987,6921858.0,44.501,1093.244963,Somalia,Africa
1400,1992,6099799.0,39.658,926.9602964,Somalia,Africa
1401,1997,6633514.0,43.795,930.5964284,Somalia,Africa
1402,2002,7753310.0,45.936,882.0818218,Somalia,Africa
1403,2007,9118773.0,48.159,926.1410683,Somalia,Africa
1404,1952,14264935.0,45.009,4725.295531,South Africa,Africa
1405,1957,16151549.0,47.985,5487.104219,South Africa,Africa
1406,1962,18356657.0,49.951,5768.729717,South Africa,Africa
1407,1967,20997321.0,51.927,7114.477971,South Africa,Africa
1408,1972,23935810.0,53.696,7765.962636,South Africa,Africa
1409,1977,27129932.0,55.527,8028.651439,South Africa,Africa
1410,1982,31140029.0,58.161,8568.266228,South Africa,Africa
1411,1987,35933379.0,60.834,7825.823398,South Africa,Africa
1412,1992,39964159.0,61.888,7225.069258,South Africa,Africa
1413,1997,42835005.0,60.236,7479.188244,South Africa,Africa
1414,2002,44433622.0,53.365,7710.946444,South Africa,Africa
1415,2007,43997828.0,49.339,9269.657808,South Africa,Africa
1416,1952,28549870.0,64.94,3834.034742,Spain,Europe
1417,1957,29841614.0,66.66,4564.80241,Spain,Europe
1418,1962,31158061.0,69.69,5693.843879,Spain,Europe
1419,1967,32850275.0,71.44,7993.512294,Spain,Europe
1420,1972,34513161.0,73.06,10638.75131,Spain,Europe
1421,1977,36439000.0,74.39,13236.92117,Spain,Europe
1422,1982,37983310.0,76.3,13926.16997,Spain,Europe
1423,1987,38880702.0,76.9,15764.98313,Spain,Europe
1424,1992,39549438.0,77.57,18603.06452,Spain,Europe
1425,1997,39855442.0,78.77,20445.29896,Spain,Europe
1426,2002,40152517.0,79.78,24835.47166,Spain,Europe
1427,2007,40448191.0,80.941,28821.0637,Spain,Europe
1428,1952,7982342.0,57.593,1083.53203,Sri Lanka,Asia
1429,1957,9128546.0,61.456,1072.546602,Sri Lanka,Asia
1430,1962,10421936.0,62.192,1074.47196,Sri Lanka,Asia
1431,1967,11737396.0,64.266,1135.514326,Sri Lanka,Asia
1432,1972,13016733.0,65.042,1213.39553,Sri Lanka,Asia
1433,1977,14116836.0,65.949,1348.775651,Sri Lanka,Asia
1434,1982,15410151.0,68.757,1648.079789,Sri Lanka,Asia
1435,1987,16495304.0,69.011,1876.766827,Sri Lanka,Asia
1436,1992,17587060.0,70.379,2153.739222,Sri Lanka,Asia
1437,1997,18698655.0,70.457,2664.477257,Sri Lanka,Asia
1438,2002,19576783.0,70.815,3015.378833,Sri Lanka,Asia
1439,2007,20378239.0,72.396,3970.095407,Sri Lanka,Asia
1440,1952,8504667.0,38.635,1615.991129,Sudan,Africa
1441,1957,9753392.0,39.624,1770.337074,Sudan,Africa
1442,1962,11183227.0,40.87,1959.593767,Sudan,Africa
1443,1967,12716129.0,42.858,1687.997641,Sudan,Africa
1444,1972,14597019.0,45.083,1659.652775,Sudan,Africa
1445,1977,17104986.0,47.8,2202.988423,Sudan,Africa
1446,1982,20367053.0,50.338,1895.544073,Sudan,Africa
1447,1987,24725960.0,51.744,1507.819159,Sudan,Africa
1448,1992,28227588.0,53.556,1492.197043,Sudan,Africa
1449,1997,32160729.0,55.373,1632.210764,Sudan,Africa
1450,2002,37090298.0,56.369,1993.398314,Sudan,Africa
1451,2007,42292929.0,58.556,2602.394995,Sudan,Africa
1452,1952,290243.0,41.407,1148.376626,Swaziland,Africa
1453,1957,326741.0,43.424,1244.708364,Swaziland,Africa
1454,1962,370006.0,44.992,1856.182125,Swaziland,Africa
1455,1967,420690.0,46.633,2613.101665,Swaziland,Africa
1456,1972,480105.0,49.552,3364.836625,Swaziland,Africa
1457,1977,551425.0,52.537,3781.410618,Swaziland,Africa
1458,1982,649901.0,55.561,3895.384018,Swaziland,Africa
1459,1987,779348.0,57.678,3984.839812,Swaziland,Africa
1460,1992,962344.0,58.474,3553.0224,Swaziland,Africa
1461,1997,1054486.0,54.289,3876.76846,Swaziland,Africa
1462,2002,1130269.0,43.869,4128.116943,Swaziland,Africa
1463,2007,1133066.0,39.613,4513.480643,Swaziland,Africa
1464,1952,7124673.0,71.86,8527.844662,Sweden,Europe
1465,1957,7363802.0,72.49,9911.878226,Sweden,Europe
1466,1962,7561588.0,73.37,12329.44192,Sweden,Europe
1467,1967,7867931.0,74.16,15258.29697,Sweden,Europe
1468,1972,8122293.0,74.72,17832.02464,Sweden,Europe
1469,1977,8251648.0,75.44,18855.72521,Sweden,Europe
1470,1982,8325260.0,76.42,20667.38125,Sweden,Europe
1471,1987,8421403.0,77.19,23586.92927,Sweden,Europe
1472,1992,8718867.0,78.16,23880.01683,Sweden,Europe
1473,1997,8897619.0,79.39,25266.59499,Sweden,Europe
1474,2002,8954175.0,80.04,29341.63093,Sweden,Europe
1475,2007,9031088.0,80.884,33859.74835,Sweden,Europe
1476,1952,4815000.0,69.62,14734.23275,Switzerland,Europe
1477,1957,5126000.0,70.56,17909.48973,Switzerland,Europe
1478,1962,5666000.0,71.32,20431.0927,Switzerland,Europe
1479,1967,6063000.0,72.77,22966.14432,Switzerland,Europe
1480,1972,6401400.0,73.78,27195.11304,Switzerland,Europe
1481,1977,6316424.0,75.39,26982.29052,Switzerland,Europe
1482,1982,6468126.0,76.21,28397.71512,Switzerland,Europe
1483,1987,6649942.0,77.41,30281.70459,Switzerland,Europe
1484,1992,6995447.0,78.03,31871.5303,Switzerland,Europe
1485,1997,7193761.0,79.37,32135.32301,Switzerland,Europe
1486,2002,7361757.0,80.62,34480.95771,Switzerland,Europe
1487,2007,7554661.0,81.701,37506.41907,Switzerland,Europe
1488,1952,3661549.0,45.883,1643.485354,Syria,Asia
1489,1957,4149908.0,48.284,2117.234893,Syria,Asia
1490,1962,4834621.0,50.305,2193.037133,Syria,Asia
1491,1967,5680812.0,53.655,1881.923632,Syria,Asia
1492,1972,6701172.0,57.296,2571.423014,Syria,Asia
1493,1977,7932503.0,61.195,3195.484582,Syria,Asia
1494,1982,9410494.0,64.59,3761.837715,Syria,Asia
1495,1987,11242847.0,66.974,3116.774285,Syria,Asia
1496,1992,13219062.0,69.249,3340.542768,Syria,Asia
1497,1997,15081016.0,71.527,4014.238972,Syria,Asia
1498,2002,17155814.0,73.053,4090.925331,Syria,Asia
1499,2007,19314747.0,74.143,4184.548089,Syria,Asia
1500,1952,8550362.0,58.5,1206.947913,Taiwan,Asia
1501,1957,10164215.0,62.4,1507.86129,Taiwan,Asia
1502,1962,11918938.0,65.2,1822.879028,Taiwan,Asia
1503,1967,13648692.0,67.5,2643.858681,Taiwan,Asia
1504,1972,15226039.0,69.39,4062.523897,Taiwan,Asia
1505,1977,16785196.0,70.59,5596.519826,Taiwan,Asia
1506,1982,18501390.0,72.16,7426.354774,Taiwan,Asia
1507,1987,19757799.0,73.4,11054.56175,Taiwan,Asia
1508,1992,20686918.0,74.26,15215.6579,Taiwan,Asia
1509,1997,21628605.0,75.25,20206.82098,Taiwan,Asia
1510,2002,22454239.0,76.99,23235.42329,Taiwan,Asia
1511,2007,23174294.0,78.4,28718.27684,Taiwan,Asia
1512,1952,8322925.0,41.215,716.6500721,Tanzania,Africa
1513,1957,9452826.0,42.974,698.5356073,Tanzania,Africa
1514,1962,10863958.0,44.246,722.0038073,Tanzania,Africa
1515,1967,12607312.0,45.757,848.2186575,Tanzania,Africa
1516,1972,14706593.0,47.62,915.9850592,Tanzania,Africa
1517,1977,17129565.0,49.919,962.4922932,Tanzania,Africa
1518,1982,19844382.0,50.608,874.2426069,Tanzania,Africa
1519,1987,23040630.0,51.535,831.8220794,Tanzania,Africa
1520,1992,26605473.0,50.44,825.682454,Tanzania,Africa
1521,1997,30686889.0,48.466,789.1862231,Tanzania,Africa
1522,2002,34593779.0,49.651,899.0742111,Tanzania,Africa
1523,2007,38139640.0,52.517,1107.482182,Tanzania,Africa
1524,1952,21289402.0,50.848,757.7974177,Thailand,Asia
1525,1957,25041917.0,53.63,793.5774148,Thailand,Asia
1526,1962,29263397.0,56.061,1002.199172,Thailand,Asia
1527,1967,34024249.0,58.285,1295.46066,Thailand,Asia
1528,1972,39276153.0,60.405,1524.358936,Thailand,Asia
1529,1977,44148285.0,62.494,1961.224635,Thailand,Asia
1530,1982,48827160.0,64.597,2393.219781,Thailand,Asia
1531,1987,52910342.0,66.084,2982.653773,Thailand,Asia
1532,1992,56667095.0,67.298,4616.896545,Thailand,Asia
1533,1997,60216677.0,67.521,5852.625497,Thailand,Asia
1534,2002,62806748.0,68.564,5913.187529,Thailand,Asia
1535,2007,65068149.0,70.616,7458.396327,Thailand,Asia
1536,1952,1219113.0,38.596,859.8086567,Togo,Africa
1537,1957,1357445.0,41.208,925.9083202,Togo,Africa
1538,1962,1528098.0,43.922,1067.53481,Togo,Africa
1539,1967,1735550.0,46.769,1477.59676,Togo,Africa
1540,1972,2056351.0,49.759,1649.660188,Togo,Africa
1541,1977,2308582.0,52.887,1532.776998,Togo,Africa
1542,1982,2644765.0,55.471,1344.577953,Togo,Africa
1543,1987,3154264.0,56.941,1202.201361,Togo,Africa
1544,1992,3747553.0,58.061,1034.298904,Togo,Africa
1545,1997,4320890.0,58.39,982.2869243,Togo,Africa
1546,2002,4977378.0,57.561,886.2205765,Togo,Africa
1547,2007,5701579.0,58.42,882.9699438,Togo,Africa
1548,1952,662850.0,59.1,3023.271928,Trinidad and Tobago,Americas
1549,1957,764900.0,61.8,4100.3934,Trinidad and Tobago,Americas
1550,1962,887498.0,64.9,4997.523971,Trinidad and Tobago,Americas
1551,1967,960155.0,65.4,5621.368472,Trinidad and Tobago,Americas
1552,1972,975199.0,65.9,6619.551419,Trinidad and Tobago,Americas
1553,1977,1039009.0,68.3,7899.554209,Trinidad and Tobago,Americas
1554,1982,1116479.0,68.832,9119.528607,Trinidad and Tobago,Americas
1555,1987,1191336.0,69.582,7388.597823,Trinidad and Tobago,Americas
1556,1992,1183669.0,69.862,7370.990932,Trinidad and Tobago,Americas
1557,1997,1138101.0,69.465,8792.573126,Trinidad and Tobago,Americas
1558,2002,1101832.0,68.976,11460.60023,Trinidad and Tobago,Americas
1559,2007,1056608.0,69.819,18008.50924,Trinidad and Tobago,Americas
1560,1952,3647735.0,44.6,1468.475631,Tunisia,Africa
1561,1957,3950849.0,47.1,1395.232468,Tunisia,Africa
1562,1962,4286552.0,49.579,1660.30321,Tunisia,Africa
1563,1967,4786986.0,52.053,1932.360167,Tunisia,Africa
1564,1972,5303507.0,55.602,2753.285994,Tunisia,Africa
1565,1977,6005061.0,59.837,3120.876811,Tunisia,Africa
1566,1982,6734098.0,64.048,3560.233174,Tunisia,Africa
1567,1987,7724976.0,66.894,3810.419296,Tunisia,Africa
1568,1992,8523077.0,70.001,4332.720164,Tunisia,Africa
1569,1997,9231669.0,71.973,4876.798614,Tunisia,Africa
1570,2002,9770575.0,73.042,5722.895655,Tunisia,Africa
1571,2007,10276158.0,73.923,7092.923025,Tunisia,Africa
1572,1952,22235677.0,43.585,1969.10098,Turkey,Europe
1573,1957,25670939.0,48.079,2218.754257,Turkey,Europe
1574,1962,29788695.0,52.098,2322.869908,Turkey,Europe
1575,1967,33411317.0,54.336,2826.356387,Turkey,Europe
1576,1972,37492953.0,57.005,3450.69638,Turkey,Europe
1577,1977,42404033.0,59.507,4269.122326,Turkey,Europe
1578,1982,47328791.0,61.036,4241.356344,Turkey,Europe
1579,1987,52881328.0,63.108,5089.043686,Turkey,Europe
1580,1992,58179144.0,66.146,5678.348271,Turkey,Europe
1581,1997,63047647.0,68.835,6601.429915,Turkey,Europe
1582,2002,67308928.0,70.845,6508.085718,Turkey,Europe
1583,2007,71158647.0,71.777,8458.276384,Turkey,Europe
1584,1952,5824797.0,39.978,734.753484,Uganda,Africa
1585,1957,6675501.0,42.571,774.3710692,Uganda,Africa
1586,1962,7688797.0,45.344,767.2717398,Uganda,Africa
1587,1967,8900294.0,48.051,908.9185217,Uganda,Africa
1588,1972,10190285.0,51.016,950.735869,Uganda,Africa
1589,1977,11457758.0,50.35,843.7331372,Uganda,Africa
1590,1982,12939400.0,49.849,682.2662268,Uganda,Africa
1591,1987,15283050.0,51.509,617.7244065,Uganda,Africa
1592,1992,18252190.0,48.825,644.1707969,Uganda,Africa
1593,1997,21210254.0,44.578,816.559081,Uganda,Africa
1594,2002,24739869.0,47.813,927.7210018,Uganda,Africa
1595,2007,29170398.0,51.542,1056.380121,Uganda,Africa
1596,1952,50430000.0,69.18,9979.508487,United Kingdom,Europe
1597,1957,51430000.0,70.42,11283.17795,United Kingdom,Europe
1598,1962,53292000.0,70.76,12477.17707,United Kingdom,Europe
1599,1967,54959000.0,71.36,14142.85089,United Kingdom,Europe
1600,1972,56079000.0,72.01,15895.11641,United Kingdom,Europe
1601,1977,56179000.0,72.76,17428.74846,United Kingdom,Europe
1602,1982,56339704.0,74.04,18232.42452,United Kingdom,Europe
1603,1987,56981620.0,75.007,21664.78767,United Kingdom,Europe
1604,1992,57866349.0,76.42,22705.09254,United Kingdom,Europe
1605,1997,58808266.0,77.218,26074.53136,United Kingdom,Europe
1606,2002,59912431.0,78.471,29478.99919,United Kingdom,Europe
1607,2007,60776238.0,79.425,33203.26128,United Kingdom,Europe
1608,1952,157553000.0,68.44,13990.48208,United States,Americas
1609,1957,171984000.0,69.49,14847.12712,United States,Americas
1610,1962,186538000.0,70.21,16173.14586,United States,Americas
1611,1967,198712000.0,70.76,19530.36557,United States,Americas
1612,1972,209896000.0,71.34,21806.03594,United States,Americas
1613,1977,220239000.0,73.38,24072.63213,United States,Americas
1614,1982,232187835.0,74.65,25009.55914,United States,Americas
1615,1987,242803533.0,75.02,29884.35041,United States,Americas
1616,1992,256894189.0,76.09,32003.93224,United States,Americas
1617,1997,272911760.0,76.81,35767.43303,United States,Americas
1618,2002,287675526.0,77.31,39097.09955,United States,Americas
1619,2007,301139947.0,78.242,42951.65309,United States,Americas
1620,1952,2252965.0,66.071,5716.766744,Uruguay,Americas
1621,1957,2424959.0,67.044,6150.772969,Uruguay,Americas
1622,1962,2598466.0,68.253,5603.357717,Uruguay,Americas
1623,1967,2748579.0,68.468,5444.61962,Uruguay,Americas
1624,1972,2829526.0,68.673,5703.408898,Uruguay,Americas
1625,1977,2873520.0,69.481,6504.339663,Uruguay,Americas
1626,1982,2953997.0,70.805,6920.223051,Uruguay,Americas
1627,1987,3045153.0,71.918,7452.398969,Uruguay,Americas
1628,1992,3149262.0,72.752,8137.004775,Uruguay,Americas
1629,1997,3262838.0,74.223,9230.240708,Uruguay,Americas
1630,2002,3363085.0,75.307,7727.002004,Uruguay,Americas
1631,2007,3447496.0,76.384,10611.46299,Uruguay,Americas
1632,1952,5439568.0,55.088,7689.799761,Venezuela,Americas
1633,1957,6702668.0,57.907,9802.466526,Venezuela,Americas
1634,1962,8143375.0,60.77,8422.974165,Venezuela,Americas
1635,1967,9709552.0,63.479,9541.474188,Venezuela,Americas
1636,1972,11515649.0,65.712,10505.25966,Venezuela,Americas
1637,1977,13503563.0,67.456,13143.95095,Venezuela,Americas
1638,1982,15620766.0,68.557,11152.41011,Venezuela,Americas
1639,1987,17910182.0,70.19,9883.584648,Venezuela,Americas
1640,1992,20265563.0,71.15,10733.92631,Venezuela,Americas
1641,1997,22374398.0,72.146,10165.49518,Venezuela,Americas
1642,2002,24287670.0,72.766,8605.047831,Venezuela,Americas
1643,2007,26084662.0,73.747,11415.80569,Venezuela,Americas
1644,1952,26246839.0,40.412,605.0664917,Vietnam,Asia
1645,1957,28998543.0,42.887,676.2854478,Vietnam,Asia
1646,1962,33796140.0,45.363,772.0491602,Vietnam,Asia
1647,1967,39463910.0,47.838,637.1232887,Vietnam,Asia
1648,1972,44655014.0,50.254,699.5016441,Vietnam,Asia
1649,1977,50533506.0,55.764,713.5371196,Vietnam,Asia
1650,1982,56142181.0,58.816,707.2357863,Vietnam,Asia
1651,1987,62826491.0,62.82,820.7994449,Vietnam,Asia
1652,1992,69940728.0,67.662,989.0231487,Vietnam,Asia
1653,1997,76048996.0,70.672,1385.896769,Vietnam,Asia
1654,2002,80908147.0,73.017,1764.456677,Vietnam,Asia
1655,2007,85262356.0,74.249,2441.576404,Vietnam,Asia
1656,1952,1030585.0,43.16,1515.592329,West Bank and Gaza,Asia
1657,1957,1070439.0,45.671,1827.067742,West Bank and Gaza,Asia
1658,1962,1133134.0,48.127,2198.956312,West Bank and Gaza,Asia
1659,1967,1142636.0,51.631,2649.715007,West Bank and Gaza,Asia
1660,1972,1089572.0,56.532,3133.409277,West Bank and Gaza,Asia
1661,1977,1261091.0,60.765,3682.831494,West Bank and Gaza,Asia
1662,1982,1425876.0,64.406,4336.032082,West Bank and Gaza,Asia
1663,1987,1691210.0,67.046,5107.197384,West Bank and Gaza,Asia
1664,1992,2104779.0,69.718,6017.654756,West Bank and Gaza,Asia
1665,1997,2826046.0,71.096,7110.667619,West Bank and Gaza,Asia
1666,2002,3389578.0,72.37,4515.487575,West Bank and Gaza,Asia
1667,2007,4018332.0,73.422,3025.349798,West Bank and Gaza,Asia
1668,1952,4963829.0,32.548,781.7175761,"Yemen, Rep.",Asia
1669,1957,5498090.0,33.97,804.8304547,"Yemen, Rep.",Asia
1670,1962,6120081.0,35.18,825.6232006,"Yemen, Rep.",Asia
1671,1967,6740785.0,36.984,862.4421463,"Yemen, Rep.",Asia
1672,1972,7407075.0,39.848,1265.047031,"Yemen, Rep.",Asia
1673,1977,8403990.0,44.175,1829.765177,"Yemen, Rep.",Asia
1674,1982,9657618.0,49.113,1977.55701,"Yemen, Rep.",Asia
1675,1987,11219340.0,52.922,1971.741538,"Yemen, Rep.",Asia
1676,1992,13367997.0,55.599,1879.496673,"Yemen, Rep.",Asia
1677,1997,15826497.0,58.02,2117.484526,"Yemen, Rep.",Asia
1678,2002,18701257.0,60.308,2234.820827,"Yemen, Rep.",Asia
1679,2007,22211743.0,62.698,2280.769906,"Yemen, Rep.",Asia
1680,1952,2672000.0,42.038,1147.388831,Zambia,Africa
1681,1957,3016000.0,44.077,1311.956766,Zambia,Africa
1682,1962,3421000.0,46.023,1452.725766,Zambia,Africa
1683,1967,3900000.0,47.768,1777.077318,Zambia,Africa
1684,1972,4506497.0,50.107,1773.498265,Zambia,Africa
1685,1977,5216550.0,51.386,1588.688299,Zambia,Africa
1686,1982,6100407.0,51.821,1408.678565,Zambia,Africa
1687,1987,7272406.0,50.821,1213.315116,Zambia,Africa
1688,1992,8381163.0,46.1,1210.884633,Zambia,Africa
1689,1997,9417789.0,40.238,1071.353818,Zambia,Africa
1690,2002,10595811.0,39.193,1071.613938,Zambia,Africa
1691,2007,11746035.0,42.384,1271.211593,Zambia,Africa
1692,1952,3080907.0,48.451,406.8841148,Zimbabwe,Africa
1693,1957,3646340.0,50.469,518.7642681,Zimbabwe,Africa
1694,1962,4277736.0,52.358,527.2721818,Zimbabwe,Africa
1695,1967,4995432.0,53.995,569.7950712,Zimbabwe,Africa
1696,1972,5861135.0,55.635,799.3621758,Zimbabwe,Africa
1697,1977,6642107.0,57.674,685.5876821,Zimbabwe,Africa
1698,1982,7636524.0,60.363,788.8550411,Zimbabwe,Africa
1699,1987,9216418.0,62.351,706.1573059,Zimbabwe,Africa
1700,1992,10704340.0,60.377,693.4207856,Zimbabwe,Africa
1701,1997,11404948.0,46.809,792.4499603,Zimbabwe,Africa
1702,2002,11926563.0,39.989,672.0386227,Zimbabwe,Africa
1703,2007,12311143.0,43.487,469.7092981,Zimbabwe,Africa
